23/04/01, 増速機 加速度 後方Z (m/s^2), ﾅｾﾙ方位角 (0-360) (deg), ﾋﾟｯﾁ1 ﾊﾞｯﾃﾘｰ電圧 (V), 絶対ﾅｾﾙ方位角θ1 (deg), 絶対ﾅｾﾙ方位角θ2 (deg)
23/04/02, 増速機 加速度 後方Z (m/s^2), ﾋﾟｯﾁ1 ﾊﾞｯﾃﾘｰ電圧 (V), ﾅｾﾙ方位角 (0-360) (deg), 絶対ﾅｾﾙ方位角θ1 (deg), 絶対ﾅｾﾙ方位角θ2 (deg)
23/04/03, ﾋﾟｯﾁ1 ﾊﾞｯﾃﾘｰ電圧 (V), ﾅｾﾙ方位角 (0-360) (deg), 絶対ﾅｾﾙ方位角θ1 (deg), 絶対ﾅｾﾙ方位角θ2 (deg), 絶対風向 右側 (deg)
23/04/04, ﾋﾟｯﾁ1 ﾊﾞｯﾃﾘｰ電圧 (V), ﾅｾﾙ方位角 (0-360) (deg), 絶対ﾅｾﾙ方位角θ1 (deg), 絶対ﾅｾﾙ方位角θ2 (deg), 絶対風向 右側 (deg)
23/04/05, ﾋﾟｯﾁ1 ﾊﾞｯﾃﾘｰ電圧 (V), PCS 101 有効電力指令 (kW), ﾅｾﾙ方位角 (0-360) (deg), 発電機ｼｽﾃﾑ電力 (kW), PCS 08 ｼｽﾃﾑ有効電力 (kW)
23/04/06, ﾋﾟｯﾁ1 充電率 (%), 増速機 加速度 後方Z (m/s^2), ﾅｾﾙ方位角 (0-360) (deg), 絶対ﾅｾﾙ方位角θ1 (deg), 絶対風向 右側 (deg)
23/04/07, ﾋﾟｯﾁ1 ﾊﾞｯﾃﾘｰ電圧 (V), ﾅｾﾙ方位角 (0-360) (deg), 絶対ﾅｾﾙ方位角θ1 (deg), PCS 101 有効電力指令 (kW), 発電機ｼｽﾃﾑ電力 (kW)
23/04/08, ﾋﾟｯﾁ1 ﾊﾞｯﾃﾘｰ電圧 (V), PCS 101 有効電力指令 (kW), 発電機ｼｽﾃﾑ電力 (kW), ﾅｾﾙ方位角 (0-360) (deg), PCS 08 ｼｽﾃﾑ有効電力 (kW)
23/04/09, ﾋﾟｯﾁ1 充電率 (%), ﾋﾟｯﾁ角度 A1(ﾓｰﾀｰ軸) (deg), ﾅｾﾙ方位角 (0-360) (deg), 絶対ﾅｾﾙ方位角θ1 (deg), 絶対風向 右側 (deg)
23/04/10, ﾋﾟｯﾁ1 充電率 (%), ﾅｾﾙ方位角 (0-360) (deg), ﾋﾟｯﾁ1 ﾊﾞｯﾃﾘｰ電圧 (V), 絶対ﾅｾﾙ方位角θ1 (deg), 絶対ﾅｾﾙ方位角θ2 (deg)
23/04/11, ﾋﾟｯﾁ1 ﾊﾞｯﾃﾘｰ電圧 (V), ﾅｾﾙ方位角 (0-360) (deg), 絶対ﾅｾﾙ方位角θ1 (deg), 絶対ﾅｾﾙ方位角θ2 (deg), 絶対風向 右側 (deg)
23/04/12, ﾋﾟｯﾁ1 ﾊﾞｯﾃﾘｰ電圧 (V), ﾅｾﾙ方位角 (0-360) (deg), 絶対ﾅｾﾙ方位角θ1 (deg), PCS 101 有効電力指令 (kW), 発電機ｼｽﾃﾑ電力 (kW)
23/04/13, ﾋﾟｯﾁ1 充電率 (%), 増速機 加速度 後方Z (m/s^2), ﾅｾﾙ方位角 (0-360) (deg), 絶対ﾅｾﾙ方位角θ1 (deg), 絶対風向 右側 (deg)
23/04/14, ﾋﾟｯﾁ1 ﾊﾞｯﾃﾘｰ電圧 (V), ﾅｾﾙ方位角 (0-360) (deg), 絶対ﾅｾﾙ方位角θ1 (deg), 絶対ﾅｾﾙ方位角θ2 (deg), 絶対風向 右側 (deg)
23/04/15, ﾋﾟｯﾁ1 ﾊﾞｯﾃﾘｰ電圧 (V), ﾅｾﾙ方位角 (0-360) (deg), 絶対ﾅｾﾙ方位角θ1 (deg), 発電機ｼｽﾃﾑ電力 (kW), PCS 101 有効電力指令 (kW)
23/04/16, ﾋﾟｯﾁ1 ﾊﾞｯﾃﾘｰ電圧 (V), ﾅｾﾙ方位角 (0-360) (deg), PCS 101 有効電力指令 (kW), 絶対ﾅｾﾙ方位角θ1 (deg), 発電機ｼｽﾃﾑ電力 (kW)
23/04/17, 増速機 加速度 後方Z (m/s^2), ﾋﾟｯﾁ1 充電率 (%), ﾅｾﾙ方位角 (0-360) (deg), 絶対ﾅｾﾙ方位角θ1 (deg), 絶対風向 右側 (deg)
23/04/18, 増速機 加速度 後方Z (m/s^2), ﾅｾﾙ方位角 (0-360) (deg), ﾋﾟｯﾁ1 ﾊﾞｯﾃﾘｰ電圧 (V), 絶対ﾅｾﾙ方位角θ1 (deg), 絶対ﾅｾﾙ方位角θ2 (deg)
23/04/19, ﾋﾟｯﾁ1 ﾊﾞｯﾃﾘｰ電圧 (V), ﾅｾﾙ方位角 (0-360) (deg), 絶対ﾅｾﾙ方位角θ1 (deg), 絶対ﾅｾﾙ方位角θ2 (deg), 絶対風向 右側 (deg)
23/04/20, 増速機 加速度 後方Z (m/s^2), ﾅｾﾙ方位角 (0-360) (deg), ﾋﾟｯﾁ1 充電率 (%), ﾋﾟｯﾁ1 ﾊﾞｯﾃﾘｰ電圧 (V), 絶対ﾅｾﾙ方位角θ1 (deg)
23/04/21, ﾋﾟｯﾁ1 ﾊﾞｯﾃﾘｰ電圧 (V), ﾅｾﾙ方位角 (0-360) (deg), 絶対ﾅｾﾙ方位角θ1 (deg), ﾋﾟｯﾁ1 充電率 (%), 絶対ﾅｾﾙ方位角θ2 (deg)
23/04/22, ﾋﾟｯﾁ1 ﾊﾞｯﾃﾘｰ電圧 (V), ﾅｾﾙ方位角 (0-360) (deg), 絶対ﾅｾﾙ方位角θ1 (deg), 絶対ﾅｾﾙ方位角θ2 (deg), 絶対風向 右側 (deg)
23/04/23, 増速機 加速度 後方Z (m/s^2), ﾋﾟｯﾁ1 ﾊﾞｯﾃﾘｰ電圧 (V), ﾅｾﾙ方位角 (0-360) (deg), 絶対ﾅｾﾙ方位角θ1 (deg), 絶対ﾅｾﾙ方位角θ2 (deg)
23/04/24, ﾋﾟｯﾁ1 ﾊﾞｯﾃﾘｰ電圧 (V), ﾅｾﾙ方位角 (0-360) (deg), 絶対ﾅｾﾙ方位角θ1 (deg), 絶対ﾅｾﾙ方位角θ2 (deg), 絶対風向 右側 (deg)
23/04/25, ﾋﾟｯﾁ1 ﾊﾞｯﾃﾘｰ電圧 (V), ﾅｾﾙ方位角 (0-360) (deg), 絶対ﾅｾﾙ方位角θ1 (deg), 絶対ﾅｾﾙ方位角θ2 (deg), 絶対風向 右側 (deg)
23/04/26, 増速機 加速度 後方Z (m/s^2), ﾅｾﾙ方位角 (0-360) (deg), ﾋﾟｯﾁ1 ﾊﾞｯﾃﾘｰ電圧 (V), 絶対ﾅｾﾙ方位角θ1 (deg), 絶対ﾅｾﾙ方位角θ2 (deg)
23/04/27, 増速機 加速度 後方Z (m/s^2), ﾋﾟｯﾁ1 充電率 (%), ﾅｾﾙ方位角 (0-360) (deg), ﾋﾟｯﾁ角度 B1(外部軸) (deg), 絶対ﾅｾﾙ方位角θ1 (deg)
23/04/28, 増速機 加速度 後方Z (m/s^2), ﾅｾﾙ方位角 (0-360) (deg), ﾋﾟｯﾁ1 充電率 (%), 絶対ﾅｾﾙ方位角θ1 (deg), ﾋﾟｯﾁ1 ﾊﾞｯﾃﾘｰ電圧 (V)
23/04/29, ﾋﾟｯﾁ1 ﾊﾞｯﾃﾘｰ電圧 (V), ﾅｾﾙ方位角 (0-360) (deg), 絶対ﾅｾﾙ方位角θ1 (deg), PCS 101 有効電力指令 (kW), 発電機ｼｽﾃﾑ電力 (kW)
23/04/30, 増速機 加速度 後方Z (m/s^2), ﾅｾﾙ方位角 (0-360) (deg), 絶対ﾅｾﾙ方位角θ1 (deg), ﾋﾟｯﾁ1 ﾊﾞｯﾃﾘｰ電圧 (V), 絶対ﾅｾﾙ方位角θ2 (deg)
23/05/01, 増速機 加速度 後方Z (m/s^2), ﾋﾟｯﾁ1 充電率 (%), ﾅｾﾙ方位角 (0-360) (deg), 絶対ﾅｾﾙ方位角θ1 (deg), 絶対風向 右側 (deg)
23/05/02, ﾋﾟｯﾁ1 充電率 (%), 増速機 加速度 後方Z (m/s^2), ﾅｾﾙ方位角 (0-360) (deg), 絶対ﾅｾﾙ方位角θ1 (deg), PCS 39 吸気温度 (degC)
23/05/03, 増速機 加速度 後方Z (m/s^2), ﾅｾﾙ方位角 (0-360) (deg), ﾋﾟｯﾁ1 ﾊﾞｯﾃﾘｰ電圧 (V), 絶対ﾅｾﾙ方位角θ1 (deg), 絶対ﾅｾﾙ方位角θ2 (deg)
23/05/04, 増速機 加速度 後方Z (m/s^2), ﾋﾟｯﾁ1 ﾊﾞｯﾃﾘｰ電圧 (V), ﾅｾﾙ方位角 (0-360) (deg), 絶対ﾅｾﾙ方位角θ1 (deg), 絶対ﾅｾﾙ方位角θ2 (deg)
23/05/05, ﾋﾟｯﾁ1 ﾊﾞｯﾃﾘｰ電圧 (V), PCS 101 有効電力指令 (kW), ﾅｾﾙ方位角 (0-360) (deg), 発電機ｼｽﾃﾑ電力 (kW), PCS 08 ｼｽﾃﾑ有効電力 (kW)
23/05/06, ﾋﾟｯﾁ1 ﾊﾞｯﾃﾘｰ電圧 (V), ﾅｾﾙ方位角 (0-360) (deg), 絶対ﾅｾﾙ方位角θ1 (deg), 絶対ﾅｾﾙ方位角θ2 (deg), PCS 101 有効電力指令 (kW)
23/05/07, ﾋﾟｯﾁ1 ﾊﾞｯﾃﾘｰ電圧 (V), ﾅｾﾙ方位角 (0-360) (deg), 絶対ﾅｾﾙ方位角θ1 (deg), 絶対ﾅｾﾙ方位角θ2 (deg), 絶対風向 右側 (deg)
23/05/08, ﾋﾟｯﾁ1 ﾊﾞｯﾃﾘｰ電圧 (V), 増速機 加速度 後方Z (m/s^2), ﾅｾﾙ方位角 (0-360) (deg), 絶対ﾅｾﾙ方位角θ1 (deg), 絶対ﾅｾﾙ方位角θ2 (deg)
23/05/09, ﾋﾟｯﾁ1 ﾊﾞｯﾃﾘｰ電圧 (V), ﾅｾﾙ方位角 (0-360) (deg), 絶対ﾅｾﾙ方位角θ1 (deg), 絶対ﾅｾﾙ方位角θ2 (deg), 絶対風向 右側 (deg)
23/05/10, ﾋﾟｯﾁ1 充電率 (%), ﾋﾟｯﾁ角度 A1(ﾓｰﾀｰ軸) (deg), ﾅｾﾙ方位角 (0-360) (deg), 絶対ﾅｾﾙ方位角θ1 (deg), 絶対風向 右側 (deg)
23/05/11, ﾋﾟｯﾁ1 充電率 (%), 増速機 加速度 後方Z (m/s^2), ﾅｾﾙ方位角 (0-360) (deg), 絶対ﾅｾﾙ方位角θ1 (deg), 絶対風向 右側 (deg)
23/05/12, ﾋﾟｯﾁ1 充電率 (%), ﾅｾﾙ方位角 (0-360) (deg), 増速機 加速度 後方Z (m/s^2), 絶対ﾅｾﾙ方位角θ1 (deg), ﾋﾟｯﾁ1 ﾊﾞｯﾃﾘｰ電圧 (V)
23/05/13, ﾋﾟｯﾁ1 ﾊﾞｯﾃﾘｰ電圧 (V), ﾅｾﾙ方位角 (0-360) (deg), 絶対ﾅｾﾙ方位角θ1 (deg), 絶対ﾅｾﾙ方位角θ2 (deg), 絶対風向 右側 (deg)
23/05/14, ﾋﾟｯﾁ1 充電率 (%), 増速機 加速度 後方Z (m/s^2), ﾅｾﾙ方位角 (0-360) (deg), 絶対ﾅｾﾙ方位角θ1 (deg), 絶対風向 右側 (deg)
23/05/15, ﾋﾟｯﾁ1 充電率 (%), ﾋﾟｯﾁ角度 A1(ﾓｰﾀｰ軸) (deg), ﾅｾﾙ方位角 (0-360) (deg), 絶対ﾅｾﾙ方位角θ1 (deg), 絶対風向 右側 (deg)
23/05/16, 増速機 加速度 後方Z (m/s^2), ﾅｾﾙ方位角 (0-360) (deg), ﾋﾟｯﾁ1 ﾊﾞｯﾃﾘｰ電圧 (V), ﾋﾟｯﾁ1 充電率 (%), 絶対ﾅｾﾙ方位角θ1 (deg)
23/05/17, ﾋﾟｯﾁ1 充電率 (%), 増速機 加速度 後方Z (m/s^2), ﾅｾﾙ方位角 (0-360) (deg), 絶対ﾅｾﾙ方位角θ1 (deg), 絶対風向 右側 (deg)
23/05/18, ﾋﾟｯﾁ1 ﾊﾞｯﾃﾘｰ電圧 (V), ﾅｾﾙ方位角 (0-360) (deg), 絶対ﾅｾﾙ方位角θ1 (deg), PCS 101 有効電力指令 (kW), 発電機ｼｽﾃﾑ電力 (kW)
23/05/19, ﾋﾟｯﾁ1 ﾊﾞｯﾃﾘｰ電圧 (V), ﾅｾﾙ方位角 (0-360) (deg), 絶対ﾅｾﾙ方位角θ1 (deg), 絶対ﾅｾﾙ方位角θ2 (deg), 絶対風向 右側 (deg)
23/05/20, ﾋﾟｯﾁ1 ﾊﾞｯﾃﾘｰ電圧 (V), ﾅｾﾙ方位角 (0-360) (deg), 絶対ﾅｾﾙ方位角θ1 (deg), 絶対ﾅｾﾙ方位角θ2 (deg), 絶対風向 右側 (deg)
23/05/21, ﾋﾟｯﾁ1 充電率 (%), 増速機 加速度 後方Z (m/s^2), ﾋﾟｯﾁ角度 A1(ﾓｰﾀｰ軸) (deg), ﾅｾﾙ方位角 (0-360) (deg), 絶対ﾅｾﾙ方位角θ1 (deg)
23/05/22, ﾋﾟｯﾁ1 充電率 (%), 増速機 加速度 後方Z (m/s^2), ﾅｾﾙ方位角 (0-360) (deg), 絶対ﾅｾﾙ方位角θ1 (deg), 絶対風向 右側 (deg)
23/05/23, ﾋﾟｯﾁ1 ﾊﾞｯﾃﾘｰ電圧 (V), ﾅｾﾙ方位角 (0-360) (deg), 絶対ﾅｾﾙ方位角θ1 (deg), PCS 101 有効電力指令 (kW), 発電機ｼｽﾃﾑ電力 (kW)
23/05/24, 増速機 加速度 後方Z (m/s^2), ﾅｾﾙ方位角 (0-360) (deg), 絶対ﾅｾﾙ方位角θ1 (deg), 絶対ﾅｾﾙ方位角θ2 (deg), 絶対風向 右側 (deg)
23/05/25, 増速機 加速度 後方Z (m/s^2), ﾅｾﾙ方位角 (0-360) (deg), ﾋﾟｯﾁ1 充電率 (%), 絶対ﾅｾﾙ方位角θ1 (deg), 絶対風向 右側 (deg)
23/05/26, ﾋﾟｯﾁ1 ﾊﾞｯﾃﾘｰ電圧 (V), ﾅｾﾙ方位角 (0-360) (deg), 絶対ﾅｾﾙ方位角θ1 (deg), 増速機 加速度 後方Z (m/s^2), 絶対ﾅｾﾙ方位角θ2 (deg)
23/05/27, 増速機 加速度 後方Z (m/s^2), ﾅｾﾙ方位角 (0-360) (deg), 絶対ﾅｾﾙ方位角θ1 (deg), ﾋﾟｯﾁ1 ﾊﾞｯﾃﾘｰ電圧 (V), 絶対ﾅｾﾙ方位角θ2 (deg)
23/05/28, 増速機 加速度 後方Z (m/s^2), ﾅｾﾙ方位角 (0-360) (deg), 絶対ﾅｾﾙ方位角θ1 (deg), 油圧ﾕﾆｯﾄ ﾖｰﾌﾞﾚｰｷ ｷｬﾘﾊﾟｰ油圧 (MPa), 絶対ﾅｾﾙ方位角θ2 (deg)
23/05/29, 増速機 加速度 後方Z (m/s^2), ﾅｾﾙ方位角 (0-360) (deg), ﾋﾟｯﾁ1 ﾊﾞｯﾃﾘｰ電圧 (V), 絶対ﾅｾﾙ方位角θ1 (deg), 絶対ﾅｾﾙ方位角θ2 (deg)
23/05/30, 増速機 加速度 後方Z (m/s^2), ﾋﾟｯﾁ1 充電率 (%), ﾅｾﾙ方位角 (0-360) (deg), 絶対ﾅｾﾙ方位角θ1 (deg), ﾋﾟｯﾁ1 ﾊﾞｯﾃﾘｰ電圧 (V)
23/05/31, ﾋﾟｯﾁ1 ﾊﾞｯﾃﾘｰ電圧 (V), ﾅｾﾙ方位角 (0-360) (deg), 絶対ﾅｾﾙ方位角θ1 (deg), 絶対ﾅｾﾙ方位角θ2 (deg), 絶対風向 右側 (deg)
23/06/01, 増速機 加速度 後方Z (m/s^2), ﾋﾟｯﾁ1 充電率 (%), ﾅｾﾙ方位角 (0-360) (deg), 絶対ﾅｾﾙ方位角θ1 (deg), ﾋﾟｯﾁ1 ﾊﾞｯﾃﾘｰ電圧 (V)
23/06/02, ﾋﾟｯﾁ1 ﾊﾞｯﾃﾘｰ電圧 (V), ﾅｾﾙ方位角 (0-360) (deg), 絶対ﾅｾﾙ方位角θ1 (deg), 絶対ﾅｾﾙ方位角θ2 (deg), 絶対風向 右側 (deg)
23/06/03, 増速機 加速度 後方Z (m/s^2), ﾅｾﾙ方位角 (0-360) (deg), ﾋﾟｯﾁ1 ﾊﾞｯﾃﾘｰ電圧 (V), 絶対ﾅｾﾙ方位角θ1 (deg), 絶対ﾅｾﾙ方位角θ2 (deg)
23/06/04, 増速機 加速度 後方Z (m/s^2), ﾅｾﾙ方位角 (0-360) (deg), ﾋﾟｯﾁ1 充電率 (%), 絶対ﾅｾﾙ方位角θ1 (deg), 絶対ﾅｾﾙ方位角θ2 (deg)
23/06/05, 増速機 加速度 後方Z (m/s^2), ﾋﾟｯﾁ1 充電率 (%), ﾅｾﾙ方位角 (0-360) (deg), 絶対ﾅｾﾙ方位角θ1 (deg), 絶対風向 右側 (deg)
23/06/06, ﾋﾟｯﾁ1 ﾊﾞｯﾃﾘｰ電圧 (V), ﾅｾﾙ方位角 (0-360) (deg), 絶対ﾅｾﾙ方位角θ1 (deg), 絶対ﾅｾﾙ方位角θ2 (deg), 絶対風向 右側 (deg)
23/06/07, 増速機 加速度 後方Z (m/s^2), ﾋﾟｯﾁ1 充電率 (%), ﾅｾﾙ方位角 (0-360) (deg), 絶対ﾅｾﾙ方位角θ1 (deg), ﾋﾟｯﾁ角度 A1(ﾓｰﾀｰ軸) (deg)
23/06/08, 増速機 加速度 後方Z (m/s^2), ﾋﾟｯﾁ1 ﾊﾞｯﾃﾘｰ電圧 (V), ﾅｾﾙ方位角 (0-360) (deg), 絶対ﾅｾﾙ方位角θ1 (deg), ﾋﾟｯﾁ1 充電率 (%)
23/06/09, 増速機 加速度 後方Z (m/s^2), ﾋﾟｯﾁ1 充電率 (%), ﾅｾﾙ方位角 (0-360) (deg), 絶対ﾅｾﾙ方位角θ1 (deg), 絶対風向 右側 (deg)
23/06/10, ﾋﾟｯﾁ1 ﾊﾞｯﾃﾘｰ電圧 (V), ﾅｾﾙ方位角 (0-360) (deg), 絶対ﾅｾﾙ方位角θ1 (deg), 絶対ﾅｾﾙ方位角θ2 (deg), 絶対風向 右側 (deg)
23/06/11, 増速機 加速度 後方Z (m/s^2), ﾋﾟｯﾁ1 ﾊﾞｯﾃﾘｰ電圧 (V), ﾅｾﾙ方位角 (0-360) (deg), 絶対ﾅｾﾙ方位角θ1 (deg), 絶対ﾅｾﾙ方位角θ2 (deg)
23/06/12, ﾋﾟｯﾁ1 充電率 (%), ﾋﾟｯﾁ角度 A1(ﾓｰﾀｰ軸) (deg), ﾅｾﾙ方位角 (0-360) (deg), 増速機 加速度 後方Z (m/s^2), 絶対ﾅｾﾙ方位角θ1 (deg)
23/06/13, ﾋﾟｯﾁ1 充電率 (%), ﾋﾟｯﾁ角度 A1(ﾓｰﾀｰ軸) (deg), 増速機 加速度 後方Z (m/s^2), ﾅｾﾙ方位角 (0-360) (deg), 絶対ﾅｾﾙ方位角θ1 (deg)
23/06/14, ﾋﾟｯﾁ1 充電率 (%), ﾋﾟｯﾁ角度 A1(ﾓｰﾀｰ軸) (deg), 増速機 加速度 後方Z (m/s^2), ﾅｾﾙ方位角 (0-360) (deg), 絶対ﾅｾﾙ方位角θ1 (deg)
23/06/15, ﾋﾟｯﾁ1 充電率 (%), 増速機 加速度 後方Z (m/s^2), ﾅｾﾙ方位角 (0-360) (deg), ﾋﾟｯﾁ角度 A1(ﾓｰﾀｰ軸) (deg), 絶対ﾅｾﾙ方位角θ1 (deg)
23/06/16, ﾋﾟｯﾁ1 充電率 (%), ﾋﾟｯﾁ角度 A1(ﾓｰﾀｰ軸) (deg), ﾅｾﾙ方位角 (0-360) (deg), 増速機 加速度 後方Z (m/s^2), 絶対ﾅｾﾙ方位角θ1 (deg)
23/06/17, ﾋﾟｯﾁ1 充電率 (%), 増速機 加速度 後方Z (m/s^2), ﾅｾﾙ方位角 (0-360) (deg), ﾋﾟｯﾁ角度 B1(外部軸) (deg), 絶対ﾅｾﾙ方位角θ1 (deg)
23/06/18, ﾋﾟｯﾁ1 充電率 (%), 増速機 加速度 後方Z (m/s^2), ﾅｾﾙ方位角 (0-360) (deg), 絶対ﾅｾﾙ方位角θ1 (deg), 絶対風向 右側 (deg)
23/06/19, ﾋﾟｯﾁ1 充電率 (%), 増速機 加速度 後方Z (m/s^2), ﾅｾﾙ方位角 (0-360) (deg), 絶対ﾅｾﾙ方位角θ1 (deg), 絶対風向 右側 (deg)
23/06/20, ﾋﾟｯﾁ1 ﾊﾞｯﾃﾘｰ電圧 (V), 増速機 加速度 後方Z (m/s^2), ﾅｾﾙ方位角 (0-360) (deg), 絶対ﾅｾﾙ方位角θ1 (deg), 絶対ﾅｾﾙ方位角θ2 (deg)
23/06/21, ﾋﾟｯﾁ1 ﾊﾞｯﾃﾘｰ電圧 (V), ﾅｾﾙ方位角 (0-360) (deg), 絶対ﾅｾﾙ方位角θ1 (deg), 発電機ｼｽﾃﾑ電力 (kW), PCS 101 有効電力指令 (kW)
23/06/22, ﾋﾟｯﾁ1 充電率 (%), ﾅｾﾙ方位角 (0-360) (deg), 増速機 加速度 後方Z (m/s^2), ﾋﾟｯﾁ1 ﾊﾞｯﾃﾘｰ電圧 (V), 絶対ﾅｾﾙ方位角θ1 (deg)
23/06/23, ﾋﾟｯﾁ1 充電率 (%), ﾋﾟｯﾁ角度 A1(ﾓｰﾀｰ軸) (deg), ﾅｾﾙ方位角 (0-360) (deg), 増速機 加速度 後方Z (m/s^2), 絶対風向 右側 (deg)
23/06/24, ﾋﾟｯﾁ1 充電率 (%), 増速機 加速度 後方Z (m/s^2), ﾅｾﾙ方位角 (0-360) (deg), 絶対ﾅｾﾙ方位角θ1 (deg), 絶対風向 右側 (deg)
23/06/25, ﾋﾟｯﾁ1 ﾊﾞｯﾃﾘｰ電圧 (V), ﾅｾﾙ方位角 (0-360) (deg), 絶対ﾅｾﾙ方位角θ1 (deg), 絶対ﾅｾﾙ方位角θ2 (deg), 絶対風向 右側 (deg)
23/06/26, ﾋﾟｯﾁ1 ﾊﾞｯﾃﾘｰ電圧 (V), ﾅｾﾙ方位角 (0-360) (deg), 絶対ﾅｾﾙ方位角θ1 (deg), 絶対ﾅｾﾙ方位角θ2 (deg), 絶対風向 右側 (deg)
23/06/27, ﾋﾟｯﾁ1 ﾊﾞｯﾃﾘｰ電圧 (V), ﾅｾﾙ方位角 (0-360) (deg), 絶対ﾅｾﾙ方位角θ1 (deg), 絶対ﾅｾﾙ方位角θ2 (deg), PCS 101 有効電力指令 (kW)
23/06/28, ﾋﾟｯﾁ1 ﾊﾞｯﾃﾘｰ電圧 (V), ﾅｾﾙ方位角 (0-360) (deg), 絶対ﾅｾﾙ方位角θ1 (deg), 絶対ﾅｾﾙ方位角θ2 (deg), 発電機ｼｽﾃﾑ電力 (kW)
23/06/29, ﾋﾟｯﾁ1 ﾊﾞｯﾃﾘｰ電圧 (V), ﾅｾﾙ方位角 (0-360) (deg), PCS 101 有効電力指令 (kW), 絶対ﾅｾﾙ方位角θ1 (deg), 発電機ｼｽﾃﾑ電力 (kW)
23/06/30, ﾋﾟｯﾁ1 ﾊﾞｯﾃﾘｰ電圧 (V), PCS 101 有効電力指令 (kW), ﾅｾﾙ方位角 (0-360) (deg), 発電機ｼｽﾃﾑ電力 (kW), PCS 08 ｼｽﾃﾑ有効電力 (kW)
23/07/01, 増速機 加速度 後方Z (m/s^2), ﾅｾﾙ方位角 (0-360) (deg), ﾋﾟｯﾁ1 ﾊﾞｯﾃﾘｰ電圧 (V), 絶対ﾅｾﾙ方位角θ1 (deg), ﾋﾟｯﾁ1 充電率 (%)
23/07/02, ﾅｾﾙ方位角 (0-360) (deg), ﾋﾟｯﾁ1 ﾊﾞｯﾃﾘｰ電圧 (V), ﾋﾟｯﾁ1 充電率 (%), 絶対ﾅｾﾙ方位角θ1 (deg), 増速機 加速度 後方Z (m/s^2)
23/07/03, 増速機 加速度 後方Z (m/s^2), ﾋﾟｯﾁ1 充電率 (%), ﾅｾﾙ方位角 (0-360) (deg), 絶対ﾅｾﾙ方位角θ1 (deg), 絶対風向 右側 (deg)
23/07/04, 増速機 加速度 後方Z (m/s^2), ﾋﾟｯﾁ1 充電率 (%), ﾅｾﾙ方位角 (0-360) (deg), 絶対ﾅｾﾙ方位角θ1 (deg), 絶対ﾅｾﾙ方位角θ2 (deg)
23/07/05, ﾋﾟｯﾁ1 ﾊﾞｯﾃﾘｰ電圧 (V), ﾅｾﾙ方位角 (0-360) (deg), 絶対ﾅｾﾙ方位角θ1 (deg), 絶対ﾅｾﾙ方位角θ2 (deg), 絶対風向 右側 (deg)
23/07/06, ﾋﾟｯﾁ1 充電率 (%), 増速機 加速度 後方Z (m/s^2), ﾅｾﾙ方位角 (0-360) (deg), 絶対ﾅｾﾙ方位角θ1 (deg), 絶対風向 右側 (deg)
23/07/07, ﾋﾟｯﾁ1 ﾊﾞｯﾃﾘｰ電圧 (V), ﾅｾﾙ方位角 (0-360) (deg), 絶対ﾅｾﾙ方位角θ1 (deg), PCS 101 有効電力指令 (kW), 発電機ｼｽﾃﾑ電力 (kW)
23/07/08, ﾋﾟｯﾁ1 ﾊﾞｯﾃﾘｰ電圧 (V), PCS 101 有効電力指令 (kW), ﾅｾﾙ方位角 (0-360) (deg), 発電機ｼｽﾃﾑ電力 (kW), PCS 08 ｼｽﾃﾑ有効電力 (kW)
23/07/09, 増速機 加速度 後方Z (m/s^2), ﾋﾟｯﾁ1 ﾊﾞｯﾃﾘｰ電圧 (V), ﾅｾﾙ方位角 (0-360) (deg), 絶対ﾅｾﾙ方位角θ1 (deg), 絶対ﾅｾﾙ方位角θ2 (deg)
23/07/10, 増速機 加速度 後方Z (m/s^2), ﾋﾟｯﾁ1 ﾊﾞｯﾃﾘｰ電圧 (V), ﾅｾﾙ方位角 (0-360) (deg), 絶対ﾅｾﾙ方位角θ1 (deg), 絶対ﾅｾﾙ方位角θ2 (deg)
23/07/11, 増速機 加速度 後方Z (m/s^2), ﾅｾﾙ方位角 (0-360) (deg), ﾋﾟｯﾁ1 ﾊﾞｯﾃﾘｰ電圧 (V), 主軸軸受温度 (degC), 絶対ﾅｾﾙ方位角θ1 (deg)
23/07/12, 増速機 加速度 後方Z (m/s^2), ﾅｾﾙ方位角 (0-360) (deg), 絶対ﾅｾﾙ方位角θ1 (deg), 絶対ﾅｾﾙ方位角θ2 (deg), 絶対風向 右側 (deg)
23/07/13, ﾋﾟｯﾁ1 ﾊﾞｯﾃﾘｰ電圧 (V), ﾅｾﾙ方位角 (0-360) (deg), 絶対ﾅｾﾙ方位角θ1 (deg), 絶対ﾅｾﾙ方位角θ2 (deg), 絶対風向 右側 (deg)
23/07/14, 増速機 加速度 後方Z (m/s^2), ﾅｾﾙ方位角 (0-360) (deg), ﾋﾟｯﾁ1 ﾊﾞｯﾃﾘｰ電圧 (V), 絶対ﾅｾﾙ方位角θ1 (deg), 発電機 ｽﾃｰﾀｰU相温度 (degC)
23/07/15, 増速機 加速度 後方Z (m/s^2), 主軸軸受温度 (degC), ﾅｾﾙ方位角 (0-360) (deg), 絶対ﾅｾﾙ方位角θ1 (deg), 油圧ﾕﾆｯﾄ ﾖｰﾌﾞﾚｰｷ ｷｬﾘﾊﾟｰ油圧 (MPa)
23/07/16, 増速機 加速度 後方Z (m/s^2), 油圧ﾕﾆｯﾄ ﾖｰﾌﾞﾚｰｷ ｷｬﾘﾊﾟｰ油圧 (MPa), ﾅｾﾙ方位角 (0-360) (deg), 絶対ﾅｾﾙ方位角θ1 (deg), 絶対風向 右側 (deg)
23/07/17, 増速機 加速度 後方Z (m/s^2), 油圧ﾕﾆｯﾄ ﾖｰﾌﾞﾚｰｷ ｷｬﾘﾊﾟｰ油圧 (MPa), ﾅｾﾙ方位角 (0-360) (deg), 絶対ﾅｾﾙ方位角θ1 (deg), 増速機 軸受温度 HSS前方 (degC)
23/07/18, 増速機 加速度 後方Z (m/s^2), 油圧ﾕﾆｯﾄ ﾖｰﾌﾞﾚｰｷ ｷｬﾘﾊﾟｰ油圧 (MPa), ﾅｾﾙ方位角 (0-360) (deg), 絶対ﾅｾﾙ方位角θ1 (deg), 絶対風向 右側 (deg)
23/07/19, 増速機 加速度 後方Z (m/s^2), ﾅｾﾙ方位角 (0-360) (deg), ﾊﾌﾞ内温度 (degC), 絶対ﾅｾﾙ方位角θ1 (deg), 増速機 軸受温度 HSS前方 (degC)
23/07/20, 増速機 加速度 後方Z (m/s^2), ﾅｾﾙ方位角 (0-360) (deg), ﾊﾌﾞ内温度 (degC), 絶対ﾅｾﾙ方位角θ1 (deg), 絶対風向 右側 (deg)
23/07/21, 増速機 加速度 後方Z (m/s^2), 発電機回転速度 (min-1), ﾅｾﾙ方位角 (0-360) (deg), 絶対ﾅｾﾙ方位角θ1 (deg), 絶対風向 右側 (deg)
23/07/22, 増速機 加速度 後方Z (m/s^2), ﾅｾﾙ方位角 (0-360) (deg), 増速機 軸受温度 HSS前方 (degC), 油圧ﾕﾆｯﾄ ﾖｰﾌﾞﾚｰｷ ｷｬﾘﾊﾟｰ油圧 (MPa), 絶対ﾅｾﾙ方位角θ1 (deg)
23/07/23, 増速機 加速度 後方Z (m/s^2), 増速機 軸受温度 HSS前方 (degC), ﾅｾﾙ方位角 (0-360) (deg), 油圧ﾕﾆｯﾄ ﾖｰﾌﾞﾚｰｷ ｷｬﾘﾊﾟｰ油圧 (MPa), 増速機 軸受温度 HIS後方 (degC)
23/07/24, 増速機 加速度 後方Z (m/s^2), 増速機 軸受温度 HSS前方 (degC), ﾅｾﾙ方位角 (0-360) (deg), 増速機 軸受温度 HIS後方 (degC), ﾊﾌﾞ内温度 (degC)
23/07/25, 増速機 加速度 後方Z (m/s^2), ﾅｾﾙ方位角 (0-360) (deg), 油圧ﾕﾆｯﾄ ﾖｰﾌﾞﾚｰｷ ｷｬﾘﾊﾟｰ油圧 (MPa), 増速機 軸受温度 HSS前方 (degC), 絶対ﾅｾﾙ方位角θ1 (deg)
23/07/26, 増速機 加速度 後方Z (m/s^2), ﾅｾﾙ方位角 (0-360) (deg), 油圧ﾕﾆｯﾄ ﾖｰﾌﾞﾚｰｷ ｷｬﾘﾊﾟｰ油圧 (MPa), ﾊﾌﾞ内温度 (degC), 絶対ﾅｾﾙ方位角θ1 (deg)
23/07/27, 増速機 加速度 後方Z (m/s^2), ﾋﾟｯﾁ1 充電率 (%), ﾅｾﾙ方位角 (0-360) (deg), 絶対ﾅｾﾙ方位角θ1 (deg), ﾊﾌﾞ内温度 (degC)
23/07/28, ﾋﾟｯﾁ1 充電率 (%), 増速機 加速度 後方Z (m/s^2), ﾅｾﾙ方位角 (0-360) (deg), 絶対ﾅｾﾙ方位角θ1 (deg), 絶対風向 右側 (deg)
23/07/29, ﾋﾟｯﾁ1 充電率 (%), 増速機 加速度 後方Z (m/s^2), ﾅｾﾙ方位角 (0-360) (deg), ﾋﾟｯﾁ角度 B1(外部軸) (deg), 絶対ﾅｾﾙ方位角θ1 (deg)
23/07/30, 増速機 加速度 後方Z (m/s^2), ﾋﾟｯﾁ1 充電率 (%), ﾅｾﾙ方位角 (0-360) (deg), 絶対ﾅｾﾙ方位角θ1 (deg), 絶対風向 右側 (deg)
23/07/31, 増速機 加速度 後方Z (m/s^2), ﾋﾟｯﾁ1 充電率 (%), ﾅｾﾙ方位角 (0-360) (deg), 絶対ﾅｾﾙ方位角θ1 (deg), ﾋﾟｯﾁ1 ﾊﾞｯﾃﾘｰ電圧 (V)
23/08/01, 増速機 加速度 後方Z (m/s^2), ﾅｾﾙ方位角 (0-360) (deg), ﾋﾟｯﾁ1 ﾊﾞｯﾃﾘｰ電圧 (V), 絶対ﾅｾﾙ方位角θ1 (deg), ﾋﾟｯﾁ1 充電率 (%)
23/08/02, 増速機 加速度 後方Z (m/s^2), ﾅｾﾙ方位角 (0-360) (deg), ﾋﾟｯﾁ1 ﾊﾞｯﾃﾘｰ電圧 (V), ﾋﾟｯﾁ1 充電率 (%), 絶対ﾅｾﾙ方位角θ1 (deg)
23/08/03, ﾋﾟｯﾁ1 ﾊﾞｯﾃﾘｰ電圧 (V), ﾅｾﾙ方位角 (0-360) (deg), 絶対ﾅｾﾙ方位角θ1 (deg), 絶対ﾅｾﾙ方位角θ2 (deg), 絶対風向 右側 (deg)
23/08/04, ﾋﾟｯﾁ1 ﾊﾞｯﾃﾘｰ電圧 (V), ﾅｾﾙ方位角 (0-360) (deg), 絶対ﾅｾﾙ方位角θ1 (deg), 絶対ﾅｾﾙ方位角θ2 (deg), 絶対風向 右側 (deg)
23/08/05, ﾋﾟｯﾁ1 ﾊﾞｯﾃﾘｰ電圧 (V), ﾅｾﾙ方位角 (0-360) (deg), 絶対ﾅｾﾙ方位角θ1 (deg), 絶対ﾅｾﾙ方位角θ2 (deg), 絶対風向 右側 (deg)
23/08/06, ﾋﾟｯﾁ1 ﾊﾞｯﾃﾘｰ電圧 (V), ﾅｾﾙ方位角 (0-360) (deg), 絶対ﾅｾﾙ方位角θ1 (deg), 絶対ﾅｾﾙ方位角θ2 (deg), 絶対風向 右側 (deg)
23/08/07, ﾋﾟｯﾁ1 ﾊﾞｯﾃﾘｰ電圧 (V), ﾅｾﾙ方位角 (0-360) (deg), 絶対ﾅｾﾙ方位角θ1 (deg), 絶対ﾅｾﾙ方位角θ2 (deg), 絶対風向 右側 (deg)
23/08/08, ﾋﾟｯﾁ1 ﾊﾞｯﾃﾘｰ電圧 (V), ﾅｾﾙ方位角 (0-360) (deg), 絶対ﾅｾﾙ方位角θ1 (deg), 絶対ﾅｾﾙ方位角θ2 (deg), 絶対風向 右側 (deg)
23/08/09, ﾋﾟｯﾁ1 ﾊﾞｯﾃﾘｰ電圧 (V), ﾅｾﾙ方位角 (0-360) (deg), 絶対ﾅｾﾙ方位角θ1 (deg), 絶対風向 右側 (deg), 増速機 加速度 後方Z (m/s^2)
23/08/10, ﾋﾟｯﾁ1 ﾊﾞｯﾃﾘｰ電圧 (V), PCS 101 有効電力指令 (kW), ﾅｾﾙ方位角 (0-360) (deg), 発電機ｼｽﾃﾑ電力 (kW), PCS 08 ｼｽﾃﾑ有効電力 (kW)
23/08/11, ﾋﾟｯﾁ1 ﾊﾞｯﾃﾘｰ電圧 (V), ﾅｾﾙ方位角 (0-360) (deg), 絶対ﾅｾﾙ方位角θ1 (deg), 絶対ﾅｾﾙ方位角θ2 (deg), 絶対風向 右側 (deg)
23/08/12, ﾋﾟｯﾁ1 充電率 (%), 増速機 加速度 後方Z (m/s^2), ﾅｾﾙ方位角 (0-360) (deg), 絶対ﾅｾﾙ方位角θ1 (deg), 絶対風向 右側 (deg)
23/08/13, ﾋﾟｯﾁ1 充電率 (%), ﾅｾﾙ方位角 (0-360) (deg), ﾋﾟｯﾁ角度 A1(ﾓｰﾀｰ軸) (deg), 絶対ﾅｾﾙ方位角θ1 (deg), 絶対風向 右側 (deg)
23/08/14, ﾋﾟｯﾁ1 ﾊﾞｯﾃﾘｰ電圧 (V), ﾅｾﾙ方位角 (0-360) (deg), 絶対ﾅｾﾙ方位角θ1 (deg), 絶対ﾅｾﾙ方位角θ2 (deg), 絶対風向 右側 (deg)
23/08/15, ﾋﾟｯﾁ1 ﾊﾞｯﾃﾘｰ電圧 (V), ﾅｾﾙ方位角 (0-360) (deg), 絶対ﾅｾﾙ方位角θ1 (deg), 絶対ﾅｾﾙ方位角θ2 (deg), 絶対風向 右側 (deg)
23/08/16, ﾋﾟｯﾁ1 ﾊﾞｯﾃﾘｰ電圧 (V), ﾅｾﾙ方位角 (0-360) (deg), 絶対ﾅｾﾙ方位角θ1 (deg), 絶対ﾅｾﾙ方位角θ2 (deg), 絶対風向 右側 (deg)
23/08/17, ﾋﾟｯﾁ1 ﾊﾞｯﾃﾘｰ電圧 (V), ﾅｾﾙ方位角 (0-360) (deg), 絶対ﾅｾﾙ方位角θ1 (deg), 絶対ﾅｾﾙ方位角θ2 (deg), 絶対風向 右側 (deg)
23/08/18, ﾋﾟｯﾁ1 ﾊﾞｯﾃﾘｰ電圧 (V), ﾅｾﾙ方位角 (0-360) (deg), 絶対ﾅｾﾙ方位角θ1 (deg), 絶対ﾅｾﾙ方位角θ2 (deg), 絶対風向 右側 (deg)
23/08/19, 増速機 加速度 後方Z (m/s^2), ﾅｾﾙ方位角 (0-360) (deg), ﾋﾟｯﾁ1 ﾊﾞｯﾃﾘｰ電圧 (V), 絶対ﾅｾﾙ方位角θ1 (deg), 絶対ﾅｾﾙ方位角θ2 (deg)
23/08/20, ﾋﾟｯﾁ1 充電率 (%), 増速機 加速度 後方Z (m/s^2), ﾅｾﾙ方位角 (0-360) (deg), ﾋﾟｯﾁ角度 B1(外部軸) (deg), 絶対ﾅｾﾙ方位角θ1 (deg)
23/08/21, ﾋﾟｯﾁ1 充電率 (%), 増速機 加速度 後方Z (m/s^2), ﾅｾﾙ方位角 (0-360) (deg), 絶対ﾅｾﾙ方位角θ1 (deg), 絶対風向 右側 (deg)
23/08/22, ﾋﾟｯﾁ1 充電率 (%), 増速機 加速度 後方Z (m/s^2), ﾅｾﾙ方位角 (0-360) (deg), ﾋﾟｯﾁ1 ﾊﾞｯﾃﾘｰ電圧 (V), 絶対ﾅｾﾙ方位角θ1 (deg)
23/08/23, ﾋﾟｯﾁ1 充電率 (%), 増速機 加速度 後方Z (m/s^2), ﾅｾﾙ方位角 (0-360) (deg), 絶対ﾅｾﾙ方位角θ1 (deg), ﾋﾟｯﾁ1 ﾊﾞｯﾃﾘｰ電圧 (V)
23/08/24, ﾋﾟｯﾁ1 ﾊﾞｯﾃﾘｰ電圧 (V), ﾅｾﾙ方位角 (0-360) (deg), 絶対ﾅｾﾙ方位角θ1 (deg), 絶対ﾅｾﾙ方位角θ2 (deg), 絶対風向 右側 (deg)
23/08/25, 増速機 加速度 後方Z (m/s^2), ﾋﾟｯﾁ1 充電率 (%), ﾅｾﾙ方位角 (0-360) (deg), 絶対ﾅｾﾙ方位角θ1 (deg), 絶対風向 右側 (deg)
23/08/26, ﾋﾟｯﾁ1 充電率 (%), 増速機 加速度 後方Z (m/s^2), ﾅｾﾙ方位角 (0-360) (deg), 絶対ﾅｾﾙ方位角θ1 (deg), 絶対風向 右側 (deg)
23/08/27, ﾋﾟｯﾁ1 充電率 (%), ﾅｾﾙ方位角 (0-360) (deg), 増速機 加速度 後方Z (m/s^2), 絶対ﾅｾﾙ方位角θ1 (deg), 絶対風向 右側 (deg)
23/08/28, 増速機 加速度 後方Z (m/s^2), ﾅｾﾙ方位角 (0-360) (deg), ﾋﾟｯﾁ1 ﾊﾞｯﾃﾘｰ電圧 (V), 絶対ﾅｾﾙ方位角θ1 (deg), 絶対ﾅｾﾙ方位角θ2 (deg)
23/08/29, 増速機 加速度 後方Z (m/s^2), ﾅｾﾙ方位角 (0-360) (deg), 絶対ﾅｾﾙ方位角θ1 (deg), 発電機 ｽﾃｰﾀｰU相温度 (degC), 絶対風向 右側 (deg)
23/08/30, 増速機 加速度 後方Z (m/s^2), ﾅｾﾙ方位角 (0-360) (deg), 絶対ﾅｾﾙ方位角θ1 (deg), 絶対風向 右側 (deg), 絶対ﾅｾﾙ方位角θ2 (deg)
23/08/31, ﾋﾟｯﾁ1 ﾊﾞｯﾃﾘｰ電圧 (V), ﾅｾﾙ方位角 (0-360) (deg), 絶対ﾅｾﾙ方位角θ1 (deg), 絶対ﾅｾﾙ方位角θ2 (deg), 絶対風向 右側 (deg)
23/09/01, ﾋﾟｯﾁ1 ﾊﾞｯﾃﾘｰ電圧 (V), ﾅｾﾙ方位角 (0-360) (deg), 絶対ﾅｾﾙ方位角θ1 (deg), 絶対ﾅｾﾙ方位角θ2 (deg), 絶対風向 右側 (deg)
23/09/02, 増速機 加速度 後方Z (m/s^2), ﾋﾟｯﾁ1 ﾊﾞｯﾃﾘｰ電圧 (V), ﾅｾﾙ方位角 (0-360) (deg), 絶対ﾅｾﾙ方位角θ1 (deg), 絶対ﾅｾﾙ方位角θ2 (deg)
23/09/03, ﾋﾟｯﾁ1 充電率 (%), 増速機 加速度 後方Z (m/s^2), ﾅｾﾙ方位角 (0-360) (deg), 絶対ﾅｾﾙ方位角θ1 (deg), 絶対風向 右側 (deg)
23/09/04, ﾋﾟｯﾁ1 ﾊﾞｯﾃﾘｰ電圧 (V), ﾅｾﾙ方位角 (0-360) (deg), ﾋﾟｯﾁ1 充電率 (%), 絶対ﾅｾﾙ方位角θ1 (deg), 絶対ﾅｾﾙ方位角θ2 (deg)
23/09/05, ﾋﾟｯﾁ1 ﾊﾞｯﾃﾘｰ電圧 (V), ﾅｾﾙ方位角 (0-360) (deg), 絶対ﾅｾﾙ方位角θ1 (deg), 絶対ﾅｾﾙ方位角θ2 (deg), 絶対風向 右側 (deg)
23/09/06, ﾋﾟｯﾁ1 ﾊﾞｯﾃﾘｰ電圧 (V), ﾅｾﾙ方位角 (0-360) (deg), 絶対ﾅｾﾙ方位角θ1 (deg), 絶対ﾅｾﾙ方位角θ2 (deg), 絶対風向 右側 (deg)
23/09/07, ﾋﾟｯﾁ1 ﾊﾞｯﾃﾘｰ電圧 (V), ﾅｾﾙ方位角 (0-360) (deg), 絶対ﾅｾﾙ方位角θ1 (deg), 絶対ﾅｾﾙ方位角θ2 (deg), 絶対風向 右側 (deg)
23/09/08, ﾋﾟｯﾁ1 ﾊﾞｯﾃﾘｰ電圧 (V), ﾅｾﾙ方位角 (0-360) (deg), 絶対ﾅｾﾙ方位角θ1 (deg), 絶対ﾅｾﾙ方位角θ2 (deg), 絶対風向 右側 (deg)
23/09/09, ﾋﾟｯﾁ1 ﾊﾞｯﾃﾘｰ電圧 (V), ﾅｾﾙ方位角 (0-360) (deg), 絶対ﾅｾﾙ方位角θ1 (deg), 絶対ﾅｾﾙ方位角θ2 (deg), 絶対風向 右側 (deg)
23/09/10, ﾋﾟｯﾁ1 充電率 (%), 増速機 加速度 後方Z (m/s^2), ﾅｾﾙ方位角 (0-360) (deg), ﾋﾟｯﾁ角度 B1(外部軸) (deg), 絶対ﾅｾﾙ方位角θ1 (deg)
23/09/11, ﾋﾟｯﾁ1 充電率 (%), 増速機 加速度 後方Z (m/s^2), ﾅｾﾙ方位角 (0-360) (deg), 絶対ﾅｾﾙ方位角θ1 (deg), 絶対風向 右側 (deg)
23/09/12, ﾋﾟｯﾁ1 充電率 (%), 増速機 加速度 後方Z (m/s^2), ﾅｾﾙ方位角 (0-360) (deg), ﾋﾟｯﾁ角度 A1(ﾓｰﾀｰ軸) (deg), 絶対ﾅｾﾙ方位角θ1 (deg)
23/09/13, ﾋﾟｯﾁ1 充電率 (%), ﾅｾﾙ方位角 (0-360) (deg), ﾋﾟｯﾁ1 ﾊﾞｯﾃﾘｰ電圧 (V), 絶対ﾅｾﾙ方位角θ1 (deg), 絶対ﾅｾﾙ方位角θ2 (deg)
23/09/14, ﾋﾟｯﾁ1 ﾊﾞｯﾃﾘｰ電圧 (V), ﾅｾﾙ方位角 (0-360) (deg), 絶対ﾅｾﾙ方位角θ1 (deg), 増速機 加速度 後方Z (m/s^2), 絶対ﾅｾﾙ方位角θ2 (deg)
23/09/15, ﾋﾟｯﾁ1 ﾊﾞｯﾃﾘｰ電圧 (V), ﾅｾﾙ方位角 (0-360) (deg), 絶対ﾅｾﾙ方位角θ1 (deg), 絶対ﾅｾﾙ方位角θ2 (deg), 絶対風向 右側 (deg)
23/09/16, ﾋﾟｯﾁ1 ﾊﾞｯﾃﾘｰ電圧 (V), ﾅｾﾙ方位角 (0-360) (deg), 絶対ﾅｾﾙ方位角θ1 (deg), 絶対ﾅｾﾙ方位角θ2 (deg), 絶対風向 右側 (deg)
23/09/17, ﾋﾟｯﾁ1 ﾊﾞｯﾃﾘｰ電圧 (V), ﾅｾﾙ方位角 (0-360) (deg), 絶対ﾅｾﾙ方位角θ1 (deg), 絶対ﾅｾﾙ方位角θ2 (deg), 絶対風向 右側 (deg)
23/09/18, 増速機 加速度 後方Z (m/s^2), ﾅｾﾙ方位角 (0-360) (deg), 絶対ﾅｾﾙ方位角θ1 (deg), 絶対ﾅｾﾙ方位角θ2 (deg), 絶対風向 右側 (deg)
23/09/19, 増速機 加速度 後方Z (m/s^2), ﾋﾟｯﾁ1 充電率 (%), ﾅｾﾙ方位角 (0-360) (deg), 絶対ﾅｾﾙ方位角θ1 (deg), 絶対風向 右側 (deg)
23/09/20, ﾋﾟｯﾁ1 充電率 (%), ﾅｾﾙ方位角 (0-360) (deg), 絶対ﾅｾﾙ方位角θ1 (deg), ﾋﾟｯﾁ1 ﾊﾞｯﾃﾘｰ電圧 (V), 増速機 加速度 後方Z (m/s^2)
23/09/21, ﾋﾟｯﾁ1 ﾊﾞｯﾃﾘｰ電圧 (V), 増速機 加速度 後方Z (m/s^2), ﾅｾﾙ方位角 (0-360) (deg), 絶対ﾅｾﾙ方位角θ1 (deg), PCS 101 有効電力指令 (kW)
23/09/22, ﾋﾟｯﾁ1 充電率 (%), ﾅｾﾙ方位角 (0-360) (deg), ﾋﾟｯﾁ1 ﾊﾞｯﾃﾘｰ電圧 (V), 絶対ﾅｾﾙ方位角θ1 (deg), 絶対ﾅｾﾙ方位角θ2 (deg)
23/09/23, ﾋﾟｯﾁ1 ﾊﾞｯﾃﾘｰ電圧 (V), ﾅｾﾙ方位角 (0-360) (deg), 絶対ﾅｾﾙ方位角θ1 (deg), 絶対ﾅｾﾙ方位角θ2 (deg), 絶対風向 右側 (deg)
23/09/24, ﾋﾟｯﾁ1 ﾊﾞｯﾃﾘｰ電圧 (V), ﾅｾﾙ方位角 (0-360) (deg), 絶対ﾅｾﾙ方位角θ1 (deg), 絶対ﾅｾﾙ方位角θ2 (deg), 絶対風向 右側 (deg)
23/09/25, ﾋﾟｯﾁ1 充電率 (%), 増速機 加速度 後方Z (m/s^2), ﾅｾﾙ方位角 (0-360) (deg), 絶対ﾅｾﾙ方位角θ1 (deg), 絶対風向 右側 (deg)
23/09/26, ﾋﾟｯﾁ1 充電率 (%), 増速機 加速度 後方Z (m/s^2), ﾅｾﾙ方位角 (0-360) (deg), 絶対ﾅｾﾙ方位角θ1 (deg), 絶対風向 右側 (deg)
23/09/27, ﾋﾟｯﾁ1 充電率 (%), ﾅｾﾙ方位角 (0-360) (deg), 絶対ﾅｾﾙ方位角θ1 (deg), 増速機 加速度 後方Z (m/s^2), 絶対風向 右側 (deg)
23/09/28, ﾋﾟｯﾁ1 充電率 (%), 増速機 加速度 後方Z (m/s^2), ﾅｾﾙ方位角 (0-360) (deg), 絶対ﾅｾﾙ方位角θ1 (deg), 絶対風向 右側 (deg)
23/09/29, ﾋﾟｯﾁ1 充電率 (%), 増速機 加速度 後方Z (m/s^2), ﾅｾﾙ方位角 (0-360) (deg), 絶対ﾅｾﾙ方位角θ1 (deg), 絶対風向 右側 (deg)
23/09/30, ﾋﾟｯﾁ1 充電率 (%), ﾋﾟｯﾁ角度 A1(ﾓｰﾀｰ軸) (deg), ﾅｾﾙ方位角 (0-360) (deg), 絶対ﾅｾﾙ方位角θ1 (deg), 絶対風向 右側 (deg)
23/10/01, ﾋﾟｯﾁ1 ﾊﾞｯﾃﾘｰ電圧 (V), ﾅｾﾙ方位角 (0-360) (deg), 絶対ﾅｾﾙ方位角θ1 (deg), 絶対ﾅｾﾙ方位角θ2 (deg), 絶対風向 右側 (deg)
23/10/02, ﾋﾟｯﾁ1 ﾊﾞｯﾃﾘｰ電圧 (V), ﾅｾﾙ方位角 (0-360) (deg), 絶対ﾅｾﾙ方位角θ1 (deg), 絶対ﾅｾﾙ方位角θ2 (deg), 絶対風向 右側 (deg)
23/10/03, ﾋﾟｯﾁ1 ﾊﾞｯﾃﾘｰ電圧 (V), ﾅｾﾙ方位角 (0-360) (deg), 絶対ﾅｾﾙ方位角θ1 (deg), 増速機 加速度 後方Z (m/s^2), 絶対ﾅｾﾙ方位角θ2 (deg)
23/10/04, 増速機 加速度 後方Z (m/s^2), ﾅｾﾙ方位角 (0-360) (deg), ﾋﾟｯﾁ1 ﾊﾞｯﾃﾘｰ電圧 (V), 絶対ﾅｾﾙ方位角θ1 (deg), 絶対ﾅｾﾙ方位角θ2 (deg)
23/10/05, ﾋﾟｯﾁ1 ﾊﾞｯﾃﾘｰ電圧 (V), ﾅｾﾙ方位角 (0-360) (deg), 絶対ﾅｾﾙ方位角θ1 (deg), PCS 101 有効電力指令 (kW), 発電機ｼｽﾃﾑ電力 (kW)
23/10/06, ﾋﾟｯﾁ1 ﾊﾞｯﾃﾘｰ電圧 (V), ﾅｾﾙ方位角 (0-360) (deg), 絶対ﾅｾﾙ方位角θ1 (deg), 絶対ﾅｾﾙ方位角θ2 (deg), 絶対風向 右側 (deg)
23/10/07, ﾋﾟｯﾁ1 ﾊﾞｯﾃﾘｰ電圧 (V), ﾅｾﾙ方位角 (0-360) (deg), 絶対ﾅｾﾙ方位角θ1 (deg), 絶対ﾅｾﾙ方位角θ2 (deg), 絶対風向 右側 (deg)
23/10/08, ﾋﾟｯﾁ1 ﾊﾞｯﾃﾘｰ電圧 (V), ﾅｾﾙ方位角 (0-360) (deg), 絶対ﾅｾﾙ方位角θ1 (deg), 絶対ﾅｾﾙ方位角θ2 (deg), 絶対風向 右側 (deg)
23/10/09, ﾋﾟｯﾁ1 ﾊﾞｯﾃﾘｰ電圧 (V), ﾅｾﾙ方位角 (0-360) (deg), 絶対ﾅｾﾙ方位角θ1 (deg), 絶対ﾅｾﾙ方位角θ2 (deg), 絶対風向 右側 (deg)
23/10/10, ﾋﾟｯﾁ1 ﾊﾞｯﾃﾘｰ電圧 (V), ﾅｾﾙ方位角 (0-360) (deg), 絶対ﾅｾﾙ方位角θ1 (deg), 絶対ﾅｾﾙ方位角θ2 (deg), 絶対風向 右側 (deg)
23/10/11, ﾋﾟｯﾁ1 ﾊﾞｯﾃﾘｰ電圧 (V), ﾅｾﾙ方位角 (0-360) (deg), 絶対ﾅｾﾙ方位角θ1 (deg), 絶対ﾅｾﾙ方位角θ2 (deg), 絶対風向 右側 (deg)
23/10/12, ﾋﾟｯﾁ1 ﾊﾞｯﾃﾘｰ電圧 (V), ﾅｾﾙ方位角 (0-360) (deg), 絶対ﾅｾﾙ方位角θ1 (deg), 絶対ﾅｾﾙ方位角θ2 (deg), 絶対風向 右側 (deg)
23/10/13, ﾋﾟｯﾁ1 ﾊﾞｯﾃﾘｰ電圧 (V), ﾅｾﾙ方位角 (0-360) (deg), 絶対ﾅｾﾙ方位角θ1 (deg), 絶対ﾅｾﾙ方位角θ2 (deg), 絶対風向 右側 (deg)
23/10/14, ﾋﾟｯﾁ1 充電率 (%), ﾅｾﾙ方位角 (0-360) (deg), ﾋﾟｯﾁ1 ﾊﾞｯﾃﾘｰ電圧 (V), 増速機 加速度 後方Z (m/s^2), 絶対ﾅｾﾙ方位角θ1 (deg)
23/10/15, 増速機 加速度 後方Z (m/s^2), ﾅｾﾙ方位角 (0-360) (deg), ﾋﾟｯﾁ1 ﾊﾞｯﾃﾘｰ電圧 (V), 絶対ﾅｾﾙ方位角θ1 (deg), 絶対ﾅｾﾙ方位角θ2 (deg)
23/10/16, ﾋﾟｯﾁ1 ﾊﾞｯﾃﾘｰ電圧 (V), ﾅｾﾙ方位角 (0-360) (deg), 絶対ﾅｾﾙ方位角θ1 (deg), 発電機ｼｽﾃﾑ電力 (kW), PCS 101 有効電力指令 (kW)
23/10/17, ﾋﾟｯﾁ1 ﾊﾞｯﾃﾘｰ電圧 (V), ﾅｾﾙ方位角 (0-360) (deg), 絶対ﾅｾﾙ方位角θ1 (deg), 発電機ｼｽﾃﾑ電力 (kW), PCS 101 有効電力指令 (kW)
23/10/18, ﾋﾟｯﾁ1 充電率 (%), 増速機 加速度 後方Z (m/s^2), ﾅｾﾙ方位角 (0-360) (deg), ﾋﾟｯﾁ角度 B1(外部軸) (deg), 絶対ﾅｾﾙ方位角θ1 (deg)
23/10/19, ﾋﾟｯﾁ1 充電率 (%), ﾅｾﾙ方位角 (0-360) (deg), 増速機 加速度 後方Z (m/s^2), 絶対ﾅｾﾙ方位角θ1 (deg), ﾋﾟｯﾁ角度 A1(ﾓｰﾀｰ軸) (deg)
23/10/20, ﾋﾟｯﾁ1 ﾊﾞｯﾃﾘｰ電圧 (V), ﾅｾﾙ方位角 (0-360) (deg), ﾋﾟｯﾁ1 充電率 (%), PCS 101 有効電力指令 (kW), 絶対ﾅｾﾙ方位角θ1 (deg)
23/10/21, ﾋﾟｯﾁ1 ﾊﾞｯﾃﾘｰ電圧 (V), PCS 101 有効電力指令 (kW), 発電機ｼｽﾃﾑ電力 (kW), ﾅｾﾙ方位角 (0-360) (deg), PCS 08 ｼｽﾃﾑ有効電力 (kW)
23/10/22, ﾋﾟｯﾁ1 ﾊﾞｯﾃﾘｰ電圧 (V), ﾅｾﾙ方位角 (0-360) (deg), 絶対ﾅｾﾙ方位角θ1 (deg), 絶対ﾅｾﾙ方位角θ2 (deg), 発電機ｼｽﾃﾑ電力 (kW)
23/10/23, ﾋﾟｯﾁ1 充電率 (%), 増速機 加速度 後方Z (m/s^2), ﾅｾﾙ方位角 (0-360) (deg), 絶対ﾅｾﾙ方位角θ1 (deg), ﾋﾟｯﾁ1 ﾊﾞｯﾃﾘｰ電圧 (V)
23/10/24, ﾋﾟｯﾁ1 充電率 (%), 増速機 加速度 後方Z (m/s^2), ﾅｾﾙ方位角 (0-360) (deg), 絶対ﾅｾﾙ方位角θ1 (deg), 絶対風向 右側 (deg)
23/10/25, ﾋﾟｯﾁ1 ﾊﾞｯﾃﾘｰ電圧 (V), ﾅｾﾙ方位角 (0-360) (deg), 絶対ﾅｾﾙ方位角θ1 (deg), 絶対ﾅｾﾙ方位角θ2 (deg), 絶対風向 右側 (deg)
23/10/26, ﾋﾟｯﾁ1 充電率 (%), ﾅｾﾙ方位角 (0-360) (deg), 増速機 加速度 後方Z (m/s^2), 絶対ﾅｾﾙ方位角θ1 (deg), 絶対風向 右側 (deg)
23/10/27, ﾋﾟｯﾁ1 ﾊﾞｯﾃﾘｰ電圧 (V), ﾅｾﾙ方位角 (0-360) (deg), ﾋﾟｯﾁ1 充電率 (%), 絶対ﾅｾﾙ方位角θ1 (deg), 増速機 加速度 後方Z (m/s^2)
23/10/28, ﾋﾟｯﾁ1 ﾊﾞｯﾃﾘｰ電圧 (V), ﾅｾﾙ方位角 (0-360) (deg), 絶対ﾅｾﾙ方位角θ1 (deg), 絶対ﾅｾﾙ方位角θ2 (deg), 絶対風向 右側 (deg)
23/10/29, ﾋﾟｯﾁ1 ﾊﾞｯﾃﾘｰ電圧 (V), ﾅｾﾙ方位角 (0-360) (deg), 絶対ﾅｾﾙ方位角θ1 (deg), 絶対ﾅｾﾙ方位角θ2 (deg), 絶対風向 右側 (deg)
23/10/30, ﾋﾟｯﾁ1 ﾊﾞｯﾃﾘｰ電圧 (V), ﾅｾﾙ方位角 (0-360) (deg), 絶対ﾅｾﾙ方位角θ1 (deg), 絶対ﾅｾﾙ方位角θ2 (deg), 絶対風向 右側 (deg)
23/10/31, ﾋﾟｯﾁ1 充電率 (%), 増速機 加速度 後方Z (m/s^2), ﾅｾﾙ方位角 (0-360) (deg), 絶対ﾅｾﾙ方位角θ1 (deg), 絶対風向 右側 (deg)
23/11/01, ﾋﾟｯﾁ1 充電率 (%), ﾅｾﾙ方位角 (0-360) (deg), 増速機 加速度 後方Z (m/s^2), ﾋﾟｯﾁ角度 A1(ﾓｰﾀｰ軸) (deg), 絶対ﾅｾﾙ方位角θ1 (deg)
23/11/02, ﾋﾟｯﾁ1 充電率 (%), 増速機 加速度 後方Z (m/s^2), ﾅｾﾙ方位角 (0-360) (deg), 絶対ﾅｾﾙ方位角θ1 (deg), 絶対風向 右側 (deg)
23/11/03, ﾋﾟｯﾁ1 ﾊﾞｯﾃﾘｰ電圧 (V), ﾅｾﾙ方位角 (0-360) (deg), 絶対ﾅｾﾙ方位角θ1 (deg), 絶対ﾅｾﾙ方位角θ2 (deg), 絶対風向 右側 (deg)
23/11/04, ﾋﾟｯﾁ1 ﾊﾞｯﾃﾘｰ電圧 (V), ﾅｾﾙ方位角 (0-360) (deg), 絶対ﾅｾﾙ方位角θ1 (deg), 増速機 加速度 後方Z (m/s^2), 絶対ﾅｾﾙ方位角θ2 (deg)
23/11/05, ﾋﾟｯﾁ1 ﾊﾞｯﾃﾘｰ電圧 (V), ﾅｾﾙ方位角 (0-360) (deg), 絶対ﾅｾﾙ方位角θ1 (deg), 絶対ﾅｾﾙ方位角θ2 (deg), 絶対風向 右側 (deg)
23/11/06, ﾋﾟｯﾁ1 ﾊﾞｯﾃﾘｰ電圧 (V), ﾅｾﾙ方位角 (0-360) (deg), PCS 101 有効電力指令 (kW), 発電機ｼｽﾃﾑ電力 (kW), PCS 08 ｼｽﾃﾑ有効電力 (kW)
23/11/07, 増速機 加速度 後方Z (m/s^2), ﾋﾟｯﾁ1 ﾊﾞｯﾃﾘｰ電圧 (V), ﾅｾﾙ方位角 (0-360) (deg), 絶対ﾅｾﾙ方位角θ1 (deg), 絶対ﾅｾﾙ方位角θ2 (deg)
23/11/08, ﾋﾟｯﾁ1 充電率 (%), 増速機 加速度 後方Z (m/s^2), ﾅｾﾙ方位角 (0-360) (deg), 絶対ﾅｾﾙ方位角θ1 (deg), 絶対ﾅｾﾙ方位角θ2 (deg)
23/11/09, ﾋﾟｯﾁ1 充電率 (%), ﾅｾﾙ方位角 (0-360) (deg), 増速機 加速度 後方Z (m/s^2), 絶対ﾅｾﾙ方位角θ1 (deg), ﾋﾟｯﾁ1 ﾊﾞｯﾃﾘｰ電圧 (V)
23/11/10, ﾋﾟｯﾁ1 ﾊﾞｯﾃﾘｰ電圧 (V), ﾅｾﾙ方位角 (0-360) (deg), 絶対ﾅｾﾙ方位角θ1 (deg), PCS 101 有効電力指令 (kW), 絶対ﾅｾﾙ方位角θ2 (deg)
23/11/11, ﾋﾟｯﾁ1 ﾊﾞｯﾃﾘｰ電圧 (V), ﾅｾﾙ方位角 (0-360) (deg), 絶対ﾅｾﾙ方位角θ1 (deg), 絶対ﾅｾﾙ方位角θ2 (deg), 絶対風向 右側 (deg)
23/11/12, ﾋﾟｯﾁ1 ﾊﾞｯﾃﾘｰ電圧 (V), PCS 101 有効電力指令 (kW), 発電機ｼｽﾃﾑ電力 (kW), PCS 08 ｼｽﾃﾑ有効電力 (kW), ﾅｾﾙ方位角 (0-360) (deg)
23/11/13, ﾋﾟｯﾁ1 ﾊﾞｯﾃﾘｰ電圧 (V), ﾅｾﾙ方位角 (0-360) (deg), PCS 101 有効電力指令 (kW), 発電機ｼｽﾃﾑ電力 (kW), 絶対ﾅｾﾙ方位角θ1 (deg)
23/11/14, 増速機 加速度 後方Z (m/s^2), ﾋﾟｯﾁ1 充電率 (%), ﾅｾﾙ方位角 (0-360) (deg), 絶対ﾅｾﾙ方位角θ1 (deg), 絶対ﾅｾﾙ方位角θ2 (deg)
23/11/15, ﾋﾟｯﾁ1 ﾊﾞｯﾃﾘｰ電圧 (V), ﾅｾﾙ方位角 (0-360) (deg), 絶対ﾅｾﾙ方位角θ1 (deg), 発電機ｼｽﾃﾑ電力 (kW), PCS 101 有効電力指令 (kW)
23/11/16, ﾋﾟｯﾁ1 充電率 (%), ﾅｾﾙ方位角 (0-360) (deg), 絶対ﾅｾﾙ方位角θ1 (deg), 増速機 加速度 後方Z (m/s^2), ﾋﾟｯﾁ1 ﾊﾞｯﾃﾘｰ電圧 (V)
23/11/17, ﾋﾟｯﾁ1 ﾊﾞｯﾃﾘｰ電圧 (V), ﾅｾﾙ方位角 (0-360) (deg), PCS 101 有効電力指令 (kW), 発電機ｼｽﾃﾑ電力 (kW), PCS 08 ｼｽﾃﾑ有効電力 (kW)
23/11/18, ﾋﾟｯﾁ1 ﾊﾞｯﾃﾘｰ電圧 (V), PCS 101 有効電力指令 (kW), 発電機ｼｽﾃﾑ電力 (kW), PCS 08 ｼｽﾃﾑ有効電力 (kW), ﾅｾﾙ方位角 (0-360) (deg)
23/11/19, ﾋﾟｯﾁ1 ﾊﾞｯﾃﾘｰ電圧 (V), ﾅｾﾙ方位角 (0-360) (deg), 絶対ﾅｾﾙ方位角θ1 (deg), 発電機ｼｽﾃﾑ電力 (kW), 絶対ﾅｾﾙ方位角θ2 (deg)
23/11/20, ﾋﾟｯﾁ1 ﾊﾞｯﾃﾘｰ電圧 (V), ﾅｾﾙ方位角 (0-360) (deg), 絶対ﾅｾﾙ方位角θ1 (deg), 絶対ﾅｾﾙ方位角θ2 (deg), 絶対風向 右側 (deg)
23/11/21, ﾋﾟｯﾁ1 充電率 (%), 増速機 加速度 後方Z (m/s^2), ﾋﾟｯﾁ角度 A1(ﾓｰﾀｰ軸) (deg), ﾅｾﾙ方位角 (0-360) (deg), 絶対ﾅｾﾙ方位角θ1 (deg)
23/11/22, ﾋﾟｯﾁ1 充電率 (%), ﾋﾟｯﾁ角度 A1(ﾓｰﾀｰ軸) (deg), ﾅｾﾙ方位角 (0-360) (deg), 絶対ﾅｾﾙ方位角θ1 (deg), 絶対風向 右側 (deg)
23/11/23, ﾋﾟｯﾁ1 ﾊﾞｯﾃﾘｰ電圧 (V), ﾅｾﾙ方位角 (0-360) (deg), 絶対ﾅｾﾙ方位角θ1 (deg), 絶対ﾅｾﾙ方位角θ2 (deg), 発電機ｼｽﾃﾑ電力 (kW)
23/11/24, ﾋﾟｯﾁ1 ﾊﾞｯﾃﾘｰ電圧 (V), PCS 101 有効電力指令 (kW), 発電機ｼｽﾃﾑ電力 (kW), PCS 08 ｼｽﾃﾑ有効電力 (kW), ﾅｾﾙ方位角 (0-360) (deg)
23/11/25, ﾋﾟｯﾁ1 ﾊﾞｯﾃﾘｰ電圧 (V), ﾅｾﾙ方位角 (0-360) (deg), 絶対ﾅｾﾙ方位角θ1 (deg), 絶対ﾅｾﾙ方位角θ2 (deg), 絶対風向 右側 (deg)
23/11/26, ﾋﾟｯﾁ1 充電率 (%), 増速機 加速度 後方Z (m/s^2), ﾅｾﾙ方位角 (0-360) (deg), 絶対ﾅｾﾙ方位角θ1 (deg), ﾋﾟｯﾁ角度 A1(ﾓｰﾀｰ軸) (deg)
23/11/27, 増速機 加速度 後方Z (m/s^2), ﾋﾟｯﾁ1 充電率 (%), ﾅｾﾙ方位角 (0-360) (deg), 絶対ﾅｾﾙ方位角θ1 (deg), 絶対風向 右側 (deg)
23/11/28, ﾋﾟｯﾁ1 ﾊﾞｯﾃﾘｰ電圧 (V), ﾅｾﾙ方位角 (0-360) (deg), 絶対ﾅｾﾙ方位角θ1 (deg), PCS 101 有効電力指令 (kW), 発電機ｼｽﾃﾑ電力 (kW)
23/11/29, ﾋﾟｯﾁ1 充電率 (%), 増速機 加速度 後方Z (m/s^2), ﾅｾﾙ方位角 (0-360) (deg), 絶対ﾅｾﾙ方位角θ1 (deg), 絶対風向 右側 (deg)
23/11/30, 増速機 加速度 後方Z (m/s^2), ﾋﾟｯﾁ1 ﾊﾞｯﾃﾘｰ電圧 (V), ﾅｾﾙ方位角 (0-360) (deg), 絶対ﾅｾﾙ方位角θ1 (deg), PCS 101 有効電力指令 (kW)
23/12/01, 増速機 加速度 後方Z (m/s^2), ﾋﾟｯﾁ1 ﾊﾞｯﾃﾘｰ電圧 (V), ﾅｾﾙ方位角 (0-360) (deg), 絶対ﾅｾﾙ方位角θ1 (deg), 絶対ﾅｾﾙ方位角θ2 (deg)
23/12/02, ﾋﾟｯﾁ1 充電率 (%), ﾋﾟｯﾁ1 ﾊﾞｯﾃﾘｰ電圧 (V), ﾅｾﾙ方位角 (0-360) (deg), 絶対ﾅｾﾙ方位角θ1 (deg), 増速機 加速度 後方Z (m/s^2)
23/12/03, ﾋﾟｯﾁ1 ﾊﾞｯﾃﾘｰ電圧 (V), ﾅｾﾙ方位角 (0-360) (deg), 絶対ﾅｾﾙ方位角θ1 (deg), 発電機ｼｽﾃﾑ電力 (kW), PCS 101 有効電力指令 (kW)
23/12/04, ﾋﾟｯﾁ1 充電率 (%), ﾋﾟｯﾁ角度 A1(ﾓｰﾀｰ軸) (deg), ﾅｾﾙ方位角 (0-360) (deg), PCS 39 吸気温度 (degC), 増速機 加速度 後方Z (m/s^2)
23/12/05, ﾋﾟｯﾁ1 ﾊﾞｯﾃﾘｰ電圧 (V), ﾅｾﾙ方位角 (0-360) (deg), 絶対ﾅｾﾙ方位角θ1 (deg), 絶対ﾅｾﾙ方位角θ2 (deg), 絶対風向 右側 (deg)
23/12/06, ﾋﾟｯﾁ1 充電率 (%), ﾅｾﾙ方位角 (0-360) (deg), ﾋﾟｯﾁ1 ﾊﾞｯﾃﾘｰ電圧 (V), 絶対ﾅｾﾙ方位角θ1 (deg), 増速機 加速度 後方Z (m/s^2)
23/12/07, 増速機 加速度 後方Z (m/s^2), ﾋﾟｯﾁ1 ﾊﾞｯﾃﾘｰ電圧 (V), ﾅｾﾙ方位角 (0-360) (deg), 絶対ﾅｾﾙ方位角θ1 (deg), PCS 101 有効電力指令 (kW)
23/12/08, ﾋﾟｯﾁ1 ﾊﾞｯﾃﾘｰ電圧 (V), ﾅｾﾙ方位角 (0-360) (deg), 絶対ﾅｾﾙ方位角θ1 (deg), 絶対ﾅｾﾙ方位角θ2 (deg), 絶対風向 右側 (deg)
23/12/09, ﾋﾟｯﾁ1 ﾊﾞｯﾃﾘｰ電圧 (V), ﾅｾﾙ方位角 (0-360) (deg), 絶対ﾅｾﾙ方位角θ1 (deg), 絶対ﾅｾﾙ方位角θ2 (deg), 発電機ｼｽﾃﾑ電力 (kW)
23/12/10, ﾋﾟｯﾁ1 ﾊﾞｯﾃﾘｰ電圧 (V), ﾅｾﾙ方位角 (0-360) (deg), 絶対ﾅｾﾙ方位角θ1 (deg), 絶対ﾅｾﾙ方位角θ2 (deg), 絶対風向 右側 (deg)
23/12/11, ﾋﾟｯﾁ1 ﾊﾞｯﾃﾘｰ電圧 (V), ﾅｾﾙ方位角 (0-360) (deg), 絶対ﾅｾﾙ方位角θ1 (deg), 絶対ﾅｾﾙ方位角θ2 (deg), 絶対風向 右側 (deg)
23/12/12, ﾋﾟｯﾁ1 ﾊﾞｯﾃﾘｰ電圧 (V), ﾅｾﾙ方位角 (0-360) (deg), 絶対ﾅｾﾙ方位角θ1 (deg), 絶対ﾅｾﾙ方位角θ2 (deg), 絶対風向 右側 (deg)
23/12/13, ﾋﾟｯﾁ1 ﾊﾞｯﾃﾘｰ電圧 (V), ﾅｾﾙ方位角 (0-360) (deg), 絶対ﾅｾﾙ方位角θ1 (deg), 絶対ﾅｾﾙ方位角θ2 (deg), 絶対風向 右側 (deg)
23/12/14, ﾋﾟｯﾁ1 ﾊﾞｯﾃﾘｰ電圧 (V), ﾅｾﾙ方位角 (0-360) (deg), 絶対ﾅｾﾙ方位角θ1 (deg), 絶対ﾅｾﾙ方位角θ2 (deg), 絶対風向 右側 (deg)
23/12/15, ﾋﾟｯﾁ1 ﾊﾞｯﾃﾘｰ電圧 (V), ﾅｾﾙ方位角 (0-360) (deg), 絶対ﾅｾﾙ方位角θ1 (deg), PCS 101 有効電力指令 (kW), 発電機ｼｽﾃﾑ電力 (kW)
23/12/16, ﾋﾟｯﾁ1 ﾊﾞｯﾃﾘｰ電圧 (V), PCS 101 有効電力指令 (kW), ﾅｾﾙ方位角 (0-360) (deg), 発電機ｼｽﾃﾑ電力 (kW), PCS 08 ｼｽﾃﾑ有効電力 (kW)
23/12/17, ﾋﾟｯﾁ1 ﾊﾞｯﾃﾘｰ電圧 (V), PCS 101 有効電力指令 (kW), ﾅｾﾙ方位角 (0-360) (deg), 発電機ｼｽﾃﾑ電力 (kW), PCS 08 ｼｽﾃﾑ有効電力 (kW)
23/12/18, ﾋﾟｯﾁ1 ﾊﾞｯﾃﾘｰ電圧 (V), ﾅｾﾙ方位角 (0-360) (deg), 絶対ﾅｾﾙ方位角θ1 (deg), 増速機 加速度 後方Z (m/s^2), 絶対ﾅｾﾙ方位角θ2 (deg)
23/12/19, ﾋﾟｯﾁ1 ﾊﾞｯﾃﾘｰ電圧 (V), ﾅｾﾙ方位角 (0-360) (deg), 絶対ﾅｾﾙ方位角θ1 (deg), 絶対ﾅｾﾙ方位角θ2 (deg), 絶対風向 右側 (deg)
23/12/20, ﾋﾟｯﾁ1 ﾊﾞｯﾃﾘｰ電圧 (V), PCS 101 有効電力指令 (kW), ﾅｾﾙ方位角 (0-360) (deg), 発電機ｼｽﾃﾑ電力 (kW), PCS 08 ｼｽﾃﾑ有効電力 (kW)
23/12/21, ﾋﾟｯﾁ1 ﾊﾞｯﾃﾘｰ電圧 (V), ﾅｾﾙ方位角 (0-360) (deg), PCS 101 有効電力指令 (kW), 絶対ﾅｾﾙ方位角θ1 (deg), 発電機ｼｽﾃﾑ電力 (kW)
23/12/22, ﾋﾟｯﾁ1 ﾊﾞｯﾃﾘｰ電圧 (V), PCS 101 有効電力指令 (kW), ﾅｾﾙ方位角 (0-360) (deg), 発電機ｼｽﾃﾑ電力 (kW), PCS 08 ｼｽﾃﾑ有効電力 (kW)
23/12/23, ﾋﾟｯﾁ1 ﾊﾞｯﾃﾘｰ電圧 (V), ﾅｾﾙ方位角 (0-360) (deg), 絶対ﾅｾﾙ方位角θ1 (deg), PCS 101 有効電力指令 (kW), 発電機ｼｽﾃﾑ電力 (kW)
23/12/24, 増速機 加速度 後方Z (m/s^2), ﾅｾﾙ方位角 (0-360) (deg), ﾋﾟｯﾁ1 ﾊﾞｯﾃﾘｰ電圧 (V), ﾋﾟｯﾁ1 充電率 (%), 絶対ﾅｾﾙ方位角θ1 (deg)
23/12/25, ﾋﾟｯﾁ1 ﾊﾞｯﾃﾘｰ電圧 (V), ﾅｾﾙ方位角 (0-360) (deg), 絶対ﾅｾﾙ方位角θ1 (deg), PCS 101 有効電力指令 (kW), 発電機ｼｽﾃﾑ電力 (kW)
23/12/26, 増速機 加速度 後方Z (m/s^2), ﾋﾟｯﾁ1 充電率 (%), ﾅｾﾙ方位角 (0-360) (deg), 絶対ﾅｾﾙ方位角θ1 (deg), 絶対ﾅｾﾙ方位角θ2 (deg)
23/12/27, ﾋﾟｯﾁ1 充電率 (%), 増速機 加速度 後方Z (m/s^2), ﾅｾﾙ方位角 (0-360) (deg), 絶対ﾅｾﾙ方位角θ1 (deg), 絶対風向 右側 (deg)
23/12/28, ﾋﾟｯﾁ1 充電率 (%), 増速機 加速度 後方Z (m/s^2), ﾅｾﾙ方位角 (0-360) (deg), 絶対ﾅｾﾙ方位角θ1 (deg), 絶対風向 右側 (deg)
23/12/29, 増速機 加速度 後方Z (m/s^2), ﾅｾﾙ方位角 (0-360) (deg), ﾋﾟｯﾁ1 充電率 (%), 絶対ﾅｾﾙ方位角θ1 (deg), 絶対風向 右側 (deg)
23/12/30, ﾋﾟｯﾁ1 充電率 (%), 増速機 加速度 後方Z (m/s^2), ﾅｾﾙ方位角 (0-360) (deg), 絶対ﾅｾﾙ方位角θ1 (deg), 絶対風向 右側 (deg)
23/12/31, ﾋﾟｯﾁ1 ﾊﾞｯﾃﾘｰ電圧 (V), ﾅｾﾙ方位角 (0-360) (deg), PCS 101 有効電力指令 (kW), 発電機ｼｽﾃﾑ電力 (kW), PCS 08 ｼｽﾃﾑ有効電力 (kW)
24/01/01, ﾋﾟｯﾁ1 ﾊﾞｯﾃﾘｰ電圧 (V), ﾅｾﾙ方位角 (0-360) (deg), 絶対ﾅｾﾙ方位角θ1 (deg), 絶対ﾅｾﾙ方位角θ2 (deg), 絶対風向 右側 (deg)
24/01/02, ﾋﾟｯﾁ1 充電率 (%), 増速機 加速度 後方Z (m/s^2), ﾅｾﾙ方位角 (0-360) (deg), 絶対ﾅｾﾙ方位角θ1 (deg), 絶対風向 右側 (deg)
24/01/03, ﾋﾟｯﾁ1 充電率 (%), ﾋﾟｯﾁ1 ﾊﾞｯﾃﾘｰ電圧 (V), ﾅｾﾙ方位角 (0-360) (deg), 絶対ﾅｾﾙ方位角θ1 (deg), PCS 101 有効電力指令 (kW)
24/01/04, ﾋﾟｯﾁ1 ﾊﾞｯﾃﾘｰ電圧 (V), ﾅｾﾙ方位角 (0-360) (deg), 増速機 加速度 後方Z (m/s^2), 絶対ﾅｾﾙ方位角θ1 (deg), 発電機ｼｽﾃﾑ電力 (kW)
24/01/05, ﾋﾟｯﾁ1 充電率 (%), 増速機 加速度 後方Z (m/s^2), ﾅｾﾙ方位角 (0-360) (deg), 絶対ﾅｾﾙ方位角θ1 (deg), 絶対ﾅｾﾙ方位角θ2 (deg)
24/01/06, ﾋﾟｯﾁ1 充電率 (%), ﾅｾﾙ方位角 (0-360) (deg), ﾋﾟｯﾁ1 ﾊﾞｯﾃﾘｰ電圧 (V), 絶対ﾅｾﾙ方位角θ1 (deg), 絶対ﾅｾﾙ方位角θ2 (deg)
24/01/07, ﾋﾟｯﾁ1 ﾊﾞｯﾃﾘｰ電圧 (V), PCS 101 有効電力指令 (kW), ﾅｾﾙ方位角 (0-360) (deg), 発電機ｼｽﾃﾑ電力 (kW), PCS 08 ｼｽﾃﾑ有効電力 (kW)
24/01/08, ﾋﾟｯﾁ1 充電率 (%), 増速機 加速度 後方Z (m/s^2), ﾅｾﾙ方位角 (0-360) (deg), ﾋﾟｯﾁ1 ﾊﾞｯﾃﾘｰ電圧 (V), 絶対ﾅｾﾙ方位角θ1 (deg)
24/01/09, ﾋﾟｯﾁ1 充電率 (%), 増速機 加速度 後方Z (m/s^2), ﾅｾﾙ方位角 (0-360) (deg), PCS 39 吸気温度 (degC), 絶対ﾅｾﾙ方位角θ1 (deg)
24/01/10, ﾋﾟｯﾁ1 ﾊﾞｯﾃﾘｰ電圧 (V), ﾅｾﾙ方位角 (0-360) (deg), PCS 101 有効電力指令 (kW), 絶対ﾅｾﾙ方位角θ1 (deg), 発電機ｼｽﾃﾑ電力 (kW)
24/01/11, ﾋﾟｯﾁ1 ﾊﾞｯﾃﾘｰ電圧 (V), ﾅｾﾙ方位角 (0-360) (deg), 絶対ﾅｾﾙ方位角θ1 (deg), PCS 101 有効電力指令 (kW), 発電機ｼｽﾃﾑ電力 (kW)
24/01/12, ﾋﾟｯﾁ1 ﾊﾞｯﾃﾘｰ電圧 (V), ﾅｾﾙ方位角 (0-360) (deg), 絶対ﾅｾﾙ方位角θ1 (deg), 発電機ｼｽﾃﾑ電力 (kW), PCS 01 ｼｽﾃﾑ電流U (A)
24/01/13, ﾋﾟｯﾁ1 ﾊﾞｯﾃﾘｰ電圧 (V), ﾅｾﾙ方位角 (0-360) (deg), 絶対ﾅｾﾙ方位角θ1 (deg), 絶対ﾅｾﾙ方位角θ2 (deg), 絶対風向 右側 (deg)
24/01/14, ﾋﾟｯﾁ1 充電率 (%), 増速機 加速度 後方Z (m/s^2), ﾅｾﾙ方位角 (0-360) (deg), ﾋﾟｯﾁ1 ﾊﾞｯﾃﾘｰ電圧 (V), 絶対ﾅｾﾙ方位角θ1 (deg)
24/01/15, ﾋﾟｯﾁ1 ﾊﾞｯﾃﾘｰ電圧 (V), ﾅｾﾙ方位角 (0-360) (deg), PCS 101 有効電力指令 (kW), 発電機ｼｽﾃﾑ電力 (kW), 絶対ﾅｾﾙ方位角θ1 (deg)
24/01/16, ﾋﾟｯﾁ1 ﾊﾞｯﾃﾘｰ電圧 (V), ﾅｾﾙ方位角 (0-360) (deg), 絶対ﾅｾﾙ方位角θ1 (deg), 絶対ﾅｾﾙ方位角θ2 (deg), 絶対風向 右側 (deg)
24/01/17, 増速機 加速度 後方Z (m/s^2), ﾋﾟｯﾁ1 充電率 (%), ﾅｾﾙ方位角 (0-360) (deg), 絶対ﾅｾﾙ方位角θ1 (deg), ﾋﾟｯﾁ1 ﾊﾞｯﾃﾘｰ電圧 (V)
24/01/18, ﾋﾟｯﾁ1 ﾊﾞｯﾃﾘｰ電圧 (V), ﾅｾﾙ方位角 (0-360) (deg), 絶対ﾅｾﾙ方位角θ1 (deg), 絶対ﾅｾﾙ方位角θ2 (deg), 絶対風向 右側 (deg)
24/01/19, ﾋﾟｯﾁ1 ﾊﾞｯﾃﾘｰ電圧 (V), ﾅｾﾙ方位角 (0-360) (deg), 絶対ﾅｾﾙ方位角θ1 (deg), 絶対風向 右側 (deg), 絶対ﾅｾﾙ方位角θ2 (deg)
24/01/20, ﾋﾟｯﾁ1 ﾊﾞｯﾃﾘｰ電圧 (V), ﾅｾﾙ方位角 (0-360) (deg), 絶対ﾅｾﾙ方位角θ1 (deg), 絶対ﾅｾﾙ方位角θ2 (deg), 絶対風向 右側 (deg)
24/01/21, ﾋﾟｯﾁ1 ﾊﾞｯﾃﾘｰ電圧 (V), ﾅｾﾙ方位角 (0-360) (deg), 絶対ﾅｾﾙ方位角θ1 (deg), 絶対ﾅｾﾙ方位角θ2 (deg), 絶対風向 右側 (deg)
24/01/22, ﾋﾟｯﾁ1 ﾊﾞｯﾃﾘｰ電圧 (V), PCS 101 有効電力指令 (kW), ﾅｾﾙ方位角 (0-360) (deg), 発電機ｼｽﾃﾑ電力 (kW), PCS 08 ｼｽﾃﾑ有効電力 (kW)
24/01/23, ﾋﾟｯﾁ1 ﾊﾞｯﾃﾘｰ電圧 (V), PCS 101 有効電力指令 (kW), PCS 08 ｼｽﾃﾑ有効電力 (kW), 発電機ｼｽﾃﾑ電力 (kW), ﾅｾﾙ方位角 (0-360) (deg)
24/01/24, ﾋﾟｯﾁ1 ﾊﾞｯﾃﾘｰ電圧 (V), PCS 101 有効電力指令 (kW), 発電機ｼｽﾃﾑ電力 (kW), PCS 08 ｼｽﾃﾑ有効電力 (kW), ﾅｾﾙ方位角 (0-360) (deg)
24/01/25, ﾋﾟｯﾁ1 ﾊﾞｯﾃﾘｰ電圧 (V), PCS 101 有効電力指令 (kW), ﾅｾﾙ方位角 (0-360) (deg), 発電機ｼｽﾃﾑ電力 (kW), PCS 08 ｼｽﾃﾑ有効電力 (kW)
24/01/26, ﾋﾟｯﾁ1 ﾊﾞｯﾃﾘｰ電圧 (V), ﾅｾﾙ方位角 (0-360) (deg), 絶対ﾅｾﾙ方位角θ1 (deg), PCS 101 有効電力指令 (kW), 発電機ｼｽﾃﾑ電力 (kW)
24/01/27, ﾋﾟｯﾁ1 ﾊﾞｯﾃﾘｰ電圧 (V), ﾅｾﾙ方位角 (0-360) (deg), 絶対ﾅｾﾙ方位角θ1 (deg), 発電機ｼｽﾃﾑ電力 (kW), PCS 101 有効電力指令 (kW)
24/01/28, ﾋﾟｯﾁ1 ﾊﾞｯﾃﾘｰ電圧 (V), ﾅｾﾙ方位角 (0-360) (deg), PCS 101 有効電力指令 (kW), 発電機ｼｽﾃﾑ電力 (kW), PCS 08 ｼｽﾃﾑ有効電力 (kW)
24/01/29, ﾅｾﾙ方位角 (0-360) (deg), ﾋﾟｯﾁ1 ﾊﾞｯﾃﾘｰ電圧 (V), ﾋﾟｯﾁ1 充電率 (%), 増速機 加速度 後方Z (m/s^2), 絶対ﾅｾﾙ方位角θ1 (deg)
24/01/30, ﾋﾟｯﾁ1 充電率 (%), ﾅｾﾙ方位角 (0-360) (deg), 増速機 加速度 後方Z (m/s^2), 絶対ﾅｾﾙ方位角θ1 (deg), ﾋﾟｯﾁ1 ﾊﾞｯﾃﾘｰ電圧 (V)
24/01/31, ﾋﾟｯﾁ1 ﾊﾞｯﾃﾘｰ電圧 (V), ﾅｾﾙ方位角 (0-360) (deg), 絶対ﾅｾﾙ方位角θ1 (deg), 絶対ﾅｾﾙ方位角θ2 (deg), 絶対風向 右側 (deg)
24/02/01, ﾋﾟｯﾁ1 ﾊﾞｯﾃﾘｰ電圧 (V), ﾅｾﾙ方位角 (0-360) (deg), 絶対ﾅｾﾙ方位角θ1 (deg), 絶対ﾅｾﾙ方位角θ2 (deg), 絶対風向 右側 (deg)
24/02/02, ﾋﾟｯﾁ1 ﾊﾞｯﾃﾘｰ電圧 (V), ﾅｾﾙ方位角 (0-360) (deg), 絶対ﾅｾﾙ方位角θ1 (deg), 絶対ﾅｾﾙ方位角θ2 (deg), 絶対風向 右側 (deg)
24/02/03, ﾋﾟｯﾁ1 ﾊﾞｯﾃﾘｰ電圧 (V), ﾅｾﾙ方位角 (0-360) (deg), 絶対ﾅｾﾙ方位角θ1 (deg), 絶対ﾅｾﾙ方位角θ2 (deg), 絶対風向 右側 (deg)
24/02/04, ﾋﾟｯﾁ1 ﾊﾞｯﾃﾘｰ電圧 (V), ﾅｾﾙ方位角 (0-360) (deg), 絶対ﾅｾﾙ方位角θ1 (deg), 絶対ﾅｾﾙ方位角θ2 (deg), 絶対風向 右側 (deg)
24/02/05, ﾋﾟｯﾁ1 ﾊﾞｯﾃﾘｰ電圧 (V), ﾅｾﾙ方位角 (0-360) (deg), 絶対ﾅｾﾙ方位角θ1 (deg), 絶対ﾅｾﾙ方位角θ2 (deg), 絶対風向 右側 (deg)
24/02/06, ﾋﾟｯﾁ1 ﾊﾞｯﾃﾘｰ電圧 (V), ﾅｾﾙ方位角 (0-360) (deg), 絶対ﾅｾﾙ方位角θ1 (deg), 絶対ﾅｾﾙ方位角θ2 (deg), 絶対風向 右側 (deg)
24/02/07, ﾋﾟｯﾁ1 ﾊﾞｯﾃﾘｰ電圧 (V), ﾅｾﾙ方位角 (0-360) (deg), 絶対ﾅｾﾙ方位角θ1 (deg), PCS 101 有効電力指令 (kW), 発電機ｼｽﾃﾑ電力 (kW)
24/02/08, ﾋﾟｯﾁ1 ﾊﾞｯﾃﾘｰ電圧 (V), ﾅｾﾙ方位角 (0-360) (deg), 絶対ﾅｾﾙ方位角θ1 (deg), 絶対ﾅｾﾙ方位角θ2 (deg), 発電機ｼｽﾃﾑ電力 (kW)
24/02/09, ﾋﾟｯﾁ1 ﾊﾞｯﾃﾘｰ電圧 (V), ﾅｾﾙ方位角 (0-360) (deg), 絶対ﾅｾﾙ方位角θ1 (deg), PCS 101 有効電力指令 (kW), 発電機ｼｽﾃﾑ電力 (kW)
24/02/10, ﾋﾟｯﾁ1 ﾊﾞｯﾃﾘｰ電圧 (V), ﾅｾﾙ方位角 (0-360) (deg), 絶対ﾅｾﾙ方位角θ1 (deg), 増速機 加速度 後方Z (m/s^2), PCS 101 有効電力指令 (kW)
24/02/11, ﾋﾟｯﾁ1 ﾊﾞｯﾃﾘｰ電圧 (V), ﾅｾﾙ方位角 (0-360) (deg), 絶対ﾅｾﾙ方位角θ1 (deg), PCS 101 有効電力指令 (kW), 発電機ｼｽﾃﾑ電力 (kW)
24/02/12, 増速機 加速度 後方Z (m/s^2), ﾋﾟｯﾁ1 充電率 (%), ﾅｾﾙ方位角 (0-360) (deg), 絶対ﾅｾﾙ方位角θ1 (deg), 絶対風向 右側 (deg)
24/02/13, ﾋﾟｯﾁ1 充電率 (%), ﾅｾﾙ方位角 (0-360) (deg), ﾋﾟｯﾁ1 ﾊﾞｯﾃﾘｰ電圧 (V), 増速機 加速度 後方Z (m/s^2), 絶対ﾅｾﾙ方位角θ1 (deg)
24/02/14, ﾋﾟｯﾁ1 ﾊﾞｯﾃﾘｰ電圧 (V), ﾅｾﾙ方位角 (0-360) (deg), 絶対ﾅｾﾙ方位角θ1 (deg), 絶対ﾅｾﾙ方位角θ2 (deg), 絶対風向 右側 (deg)
24/02/15, ﾋﾟｯﾁ1 ﾊﾞｯﾃﾘｰ電圧 (V), ﾅｾﾙ方位角 (0-360) (deg), 絶対ﾅｾﾙ方位角θ1 (deg), PCS 101 有効電力指令 (kW), 発電機ｼｽﾃﾑ電力 (kW)
24/02/16, ﾋﾟｯﾁ1 ﾊﾞｯﾃﾘｰ電圧 (V), ﾅｾﾙ方位角 (0-360) (deg), 絶対ﾅｾﾙ方位角θ1 (deg), 絶対ﾅｾﾙ方位角θ2 (deg), 絶対風向 右側 (deg)
24/02/17, ﾅｾﾙ方位角 (0-360) (deg), ﾋﾟｯﾁ1 ﾊﾞｯﾃﾘｰ電圧 (V), 増速機 加速度 後方Z (m/s^2), 絶対ﾅｾﾙ方位角θ1 (deg), ﾋﾟｯﾁ1 充電率 (%)
24/02/18, ﾋﾟｯﾁ1 ﾊﾞｯﾃﾘｰ電圧 (V), 増速機 加速度 後方Z (m/s^2), ﾅｾﾙ方位角 (0-360) (deg), 絶対ﾅｾﾙ方位角θ1 (deg), 絶対ﾅｾﾙ方位角θ2 (deg)
24/02/19, ﾋﾟｯﾁ1 ﾊﾞｯﾃﾘｰ電圧 (V), 増速機 加速度 後方Z (m/s^2), ﾅｾﾙ方位角 (0-360) (deg), PCS 101 有効電力指令 (kW), 絶対ﾅｾﾙ方位角θ1 (deg)
24/02/20, ﾋﾟｯﾁ1 充電率 (%), ﾅｾﾙ方位角 (0-360) (deg), ﾋﾟｯﾁ1 ﾊﾞｯﾃﾘｰ電圧 (V), 増速機 加速度 後方Z (m/s^2), 絶対ﾅｾﾙ方位角θ1 (deg)
24/02/21, ﾋﾟｯﾁ1 ﾊﾞｯﾃﾘｰ電圧 (V), ﾅｾﾙ方位角 (0-360) (deg), 絶対ﾅｾﾙ方位角θ1 (deg), 絶対ﾅｾﾙ方位角θ2 (deg), 絶対風向 右側 (deg)
24/02/22, ﾋﾟｯﾁ1 ﾊﾞｯﾃﾘｰ電圧 (V), ﾅｾﾙ方位角 (0-360) (deg), 絶対ﾅｾﾙ方位角θ1 (deg), 絶対ﾅｾﾙ方位角θ2 (deg), 絶対風向 右側 (deg)
24/02/23, ﾋﾟｯﾁ1 ﾊﾞｯﾃﾘｰ電圧 (V), ﾅｾﾙ方位角 (0-360) (deg), 絶対ﾅｾﾙ方位角θ1 (deg), 絶対ﾅｾﾙ方位角θ2 (deg), 絶対風向 右側 (deg)
24/02/24, ﾋﾟｯﾁ1 ﾊﾞｯﾃﾘｰ電圧 (V), ﾅｾﾙ方位角 (0-360) (deg), 絶対ﾅｾﾙ方位角θ1 (deg), 絶対ﾅｾﾙ方位角θ2 (deg), 絶対風向 右側 (deg)
24/02/25, ﾋﾟｯﾁ1 ﾊﾞｯﾃﾘｰ電圧 (V), ﾅｾﾙ方位角 (0-360) (deg), 絶対ﾅｾﾙ方位角θ1 (deg), 絶対ﾅｾﾙ方位角θ2 (deg), 絶対風向 右側 (deg)
24/02/26, ﾋﾟｯﾁ1 ﾊﾞｯﾃﾘｰ電圧 (V), ﾅｾﾙ方位角 (0-360) (deg), 絶対ﾅｾﾙ方位角θ1 (deg), 絶対ﾅｾﾙ方位角θ2 (deg), 絶対風向 右側 (deg)
24/02/27, ﾋﾟｯﾁ1 ﾊﾞｯﾃﾘｰ電圧 (V), ﾅｾﾙ方位角 (0-360) (deg), 絶対ﾅｾﾙ方位角θ1 (deg), 絶対風向 右側 (deg), 絶対ﾅｾﾙ方位角θ2 (deg)
24/02/28, ﾋﾟｯﾁ1 ﾊﾞｯﾃﾘｰ電圧 (V), ﾅｾﾙ方位角 (0-360) (deg), 絶対ﾅｾﾙ方位角θ1 (deg), 絶対ﾅｾﾙ方位角θ2 (deg), 絶対風向 右側 (deg)
24/02/29, ﾋﾟｯﾁ1 ﾊﾞｯﾃﾘｰ電圧 (V), ﾅｾﾙ方位角 (0-360) (deg), 絶対ﾅｾﾙ方位角θ1 (deg), 絶対ﾅｾﾙ方位角θ2 (deg), 絶対風向 右側 (deg)
24/03/01, ﾋﾟｯﾁ1 ﾊﾞｯﾃﾘｰ電圧 (V), PCS 101 有効電力指令 (kW), 発電機ｼｽﾃﾑ電力 (kW), PCS 08 ｼｽﾃﾑ有効電力 (kW), ﾅｾﾙ方位角 (0-360) (deg)
24/03/02, ﾋﾟｯﾁ1 ﾊﾞｯﾃﾘｰ電圧 (V), ﾅｾﾙ方位角 (0-360) (deg), PCS 101 有効電力指令 (kW), 発電機ｼｽﾃﾑ電力 (kW), PCS 08 ｼｽﾃﾑ有効電力 (kW)
